<?xml version="1.0" encoding="UTF-8" ?>
<!DOCTYPE mapper
        PUBLIC "-//mybatis.org//DTD Mapper 3.0//EN"
        "http://mybatis.org/dtd/mybatis-3-mapper.dtd">
<mapper namespace="com.fmall.project.system.auction.mapper.AuctionRobotMapper">

    <resultMap type="AuctionRobot" id="AuctionRobotResult">
        <result property="robotId" column="robot_id"/>
        <result property="username" column="username"/>
        <result property="nickname" column="nickname"/>
        <result property="avatar" column="avatar"/>
        <result property="gender" column="gender"/>
        <result property="deleted" column="deleted"/>
        <result property="createBy" column="create_by"/>
        <result property="createTime" column="create_time"/>
        <result property="updateBy" column="update_by"/>
        <result property="updateTime" column="update_time"/>
    </resultMap>

    <sql id="selectAuctionRobotVo">
        select robot_id, username, nickname, avatar, gender, deleted, create_by, create_time, update_by, update_time from auction_robot
    </sql>

    <select id="selectAuctionRobotList" parameterType="AuctionRobot" resultMap="AuctionRobotResult">
        <include refid="selectAuctionRobotVo"/>
        <where>
            <if test="robotId != null ">and robot_id = #{robotId}</if>
            <if test="username != null and username != ''">and username = #{username}</if>
            <if test="nickname != null and nickname != ''">and nickname = #{nickname}</if>
            <if test="avatar != null and avatar != ''">and avatar = #{avatar}</if>
            <if test="gender != null ">and gender = #{gender}</if>
            <if test="deleted != null ">and deleted = #{deleted}</if>
            <if test="createBy != null and createBy != ''">and create_by = #{createBy}</if>
            <if test="createTime != null ">and create_time = #{createTime}</if>
            <if test="updateBy != null and updateBy != ''">and update_by = #{updateBy}</if>
            <if test="updateTime != null ">and update_time = #{updateTime}</if>
        </where>
        <choose>
            <when test="orderField != null and orderField != ''">
                order by ${orderField}
            </when>
            <otherwise>
                order by create_time desc
            </otherwise>
        </choose>
    </select>


    <select id="queryPageAuctionRobotList" parameterType="AuctionRobot" resultMap="AuctionRobotResult">
        <include refid="selectAuctionRobotVo"/>
        <where>
            <if test="robotId != null ">and robot_id = #{robotId}</if>
            <if test="username != null and username != ''">and username = #{username}</if>
            <if test="nickname != null and nickname != ''">and nickname = #{nickname}</if>
            <if test="avatar != null and avatar != ''">and avatar = #{avatar}</if>
            <if test="gender != null ">and gender = #{gender}</if>
            <if test="deleted != null ">and deleted = #{deleted}</if>
            <if test="createBy != null and createBy != ''">and create_by = #{createBy}</if>
            <if test="createTime != null ">and create_time = #{createTime}</if>
            <if test="updateBy != null and updateBy != ''">and update_by = #{updateBy}</if>
            <if test="updateTime != null ">and update_time = #{updateTime}</if>
        </where>
        <choose>
            <when test="orderField != null and orderField != ''">
                order by ${orderField}
            </when>
            <otherwise>
                order by create_time desc
            </otherwise>
        </choose>
    </select>


    <select id="selectAuctionRobotById" parameterType="Long" resultMap="AuctionRobotResult">
        <include refid="selectAuctionRobotVo"/>
        where robot_id = #{robotId}
    </select>

    <insert id="insertAuctionRobot" parameterType="AuctionRobot">
        insert into auction_robot (
							username,
							nickname, 
							avatar, 
							gender, 
							deleted, 
							create_by, 
							create_time, 
							update_by, 
							update_time        )values(
			#{username},
			#{nickname}, 
			#{avatar}, 
			#{gender}, 
			0, 
			#{createBy}, 
			now(), 
			#{updateBy}, 
			#{updateTime}		)
    </insert>

    <update id="updateAuctionRobot" parameterType="AuctionRobot">
        update auction_robot
        <set>
            <if test="username != null and username != ''">username = #{username},</if>
            <if test="nickname != null and nickname != ''">nickname = #{nickname},</if>
            <if test="avatar != null and avatar != ''">avatar = #{avatar},</if>
            <if test="gender != null ">gender = #{gender},</if>
            <if test="deleted != null ">deleted = #{deleted},</if>
            <if test="createBy != null and createBy != ''">create_by = #{createBy},</if>
            <if test="createTime != null ">create_time = #{createTime},</if>
            <if test="updateBy != null and updateBy != ''">update_by = #{updateBy},</if>
            <if test="updateTime != null ">update_time = #{updateTime}</if>
        </set>
        where robot_id = #{robotId}
    </update>

    <delete id="deleteAuctionRobotById" parameterType="Long">
        delete from auction_robot where robot_id = #{robotId}
    </delete>

    <delete id="deleteAuctionRobotByIds" parameterType="String">
        delete from auction_robot where robot_id in
        <foreach item="robotId" collection="array" open="(" separator="," close=")">
            #{robotId}
        </foreach>
    </delete>

</mapper>