<?xml version="1.0" encoding="UTF-8" ?>
<!DOCTYPE mapper
        PUBLIC "-//mybatis.org//DTD Mapper 3.0//EN"
        "http://mybatis.org/dtd/mybatis-3-mapper.dtd">
<mapper namespace="com.fmall.project.system.auction.mapper.AuctionBidsNumMapper">

    <resultMap type="AuctionBidsNum" id="AuctionBidsNumResult">
        <result property="bidsId" column="bids_id"/>
        <result property="bidsTime" column="bids_time"/>
        <result property="bidsHour" column="bids_hour"/>
        <result property="bidsNum" column="bids_num"/>
        <result property="type" column="type"/>
        <result property="deleted" column="deleted"/>
        <result property="createBy" column="create_by"/>
        <result property="createTime" column="create_time"/>
        <result property="updateBy" column="update_by"/>
        <result property="updateTime" column="update_time"/>
    </resultMap>

    <sql id="selectAuctionBidsNumVo">
        select bids_id, bids_time, bids_hour, bids_num, type, deleted, create_by, create_time, update_by, update_time from auction_bids_num
    </sql>

    <select id="selectAuctionBidsNumList" parameterType="AuctionBidsNum" resultMap="AuctionBidsNumResult">
        <include refid="selectAuctionBidsNumVo"/>
        <where>
            <if test="bidsId != null and bidsId != ''">and bids_id = #{bidsId}</if>
            <if test="bidsTime != null and bidsTime != ''">and bids_time = #{bidsTime}</if>
            <if test="bidsHour != null and bidsHour != ''">and bids_hour = #{bidsHour}</if>
            <if test="bidsNum != null and bidsNum != ''">and bids_num = #{bidsNum}</if>
            <if test="type != null and type != ''">and type = #{type}</if>
            <if test="deleted != null and deleted != ''">and deleted = #{deleted}</if>
            <if test="createBy != null and createBy != ''">and create_by = #{createBy}</if>
            <if test="createTime != null and createTime != ''">and create_time = #{createTime}</if>
            <if test="updateBy != null and updateBy != ''">and update_by = #{updateBy}</if>
            <if test="updateTime != null and updateTime != ''">and update_time = #{updateTime}</if>
        </where>
        <choose>
            <when test="orderField != null and orderField != ''">
                order by ${orderField}
            </when>
            <otherwise>
                order by create_time desc
            </otherwise>
        </choose>
    </select>


    <select id="queryPageAuctionBidsNumList" parameterType="AuctionBidsNum" resultMap="AuctionBidsNumResult">
        <include refid="selectAuctionBidsNumVo"/>
        <where>
            <if test="bidsId != null and bidsId != ''">and bids_id = #{bidsId}</if>
            <if test="bidsTime != null and bidsTime != ''">and bids_time = #{bidsTime}</if>
            <if test="bidsHour != null and bidsHour != ''">and bids_hour = #{bidsHour}</if>
            <if test="bidsNum != null and bidsNum != ''">and bids_num = #{bidsNum}</if>
            <if test="type != null and type != ''">and type = #{type}</if>
            <if test="deleted != null and deleted != ''">and deleted = #{deleted}</if>
            <if test="createBy != null and createBy != ''">and create_by = #{createBy}</if>
            <if test="createTime != null and createTime != ''">and create_time = #{createTime}</if>
            <if test="updateBy != null and updateBy != ''">and update_by = #{updateBy}</if>
            <if test="updateTime != null and updateTime != ''">and update_time = #{updateTime}</if>
        </where>
        <choose>
            <when test="orderField != null and orderField != ''">
                order by ${orderField}
            </when>
            <otherwise>
                order by create_time desc
            </otherwise>
        </choose>
    </select>


    <select id="selectAuctionBidsNumById" parameterType="Long" resultMap="AuctionBidsNumResult">
        <include refid="selectAuctionBidsNumVo"/>
        where bids_id = #{bidsId}
    </select>
    <select id="getAmount" resultType="java.lang.Integer">
        SELECT NULLIF (sum(bids_num) , 0)
        FROM lepai_count_bids_num
        WHERE bids_time = #{today}
        and type = 2
    </select>
    <select id="getDelivery" resultType="java.lang.Integer">
SELECT COUNT(1)
        FROM `order`
        WHERE update_time BETWEEN #{before} and #{today}
        and deleted = 0
        and order_status = 3
    </select>
    <select id="getDeal" resultType="java.math.BigDecimal">
        SELECT IFNULL(sum(transaction_price) , 0.0)
        FROM `order`
        WHERE update_time BETWEEN #{before} and #{today}
        and order_status in(1,2,3)
        and deleted = 0
    </select>

    <insert id="insertAuctionBidsNum" parameterType="AuctionBidsNum">
        insert into auction_bids_num (
							bids_id, 
							bids_time, 
							bids_hour, 
							bids_num, 
							type, 
							deleted, 
							create_by, 
							create_time, 
							update_by, 
							update_time        )values(
			#{bidsId}, 
			#{bidsTime}, 
			#{bidsHour}, 
			#{bidsNum}, 
			#{type}, 
			0, 
			#{createBy}, 
			now(), 
			#{updateBy}, 
			#{updateTime}		)
    </insert>

    <update id="updateAuctionBidsNum" parameterType="AuctionBidsNum">
        update auction_bids_num
        <set>
            <if test="bidsTime != null and bidsTime != ''">bids_time = #{bidsTime},</if>
            <if test="bidsHour != null and bidsHour != ''">bids_hour = #{bidsHour},</if>
            <if test="bidsNum != null and bidsNum != ''">bids_num = #{bidsNum},</if>
            <if test="type != null and type != ''">type = #{type},</if>
            <if test="deleted != null and deleted != ''">deleted = #{deleted},</if>
            <if test="createBy != null and createBy != ''">create_by = #{createBy},</if>
            <if test="createTime != null and createTime != ''">create_time = #{createTime},</if>
            <if test="updateBy != null and updateBy != ''">update_by = #{updateBy},</if>
            <if test="updateTime != null and updateTime != ''">update_time = #{updateTime}</if>
        </set>
        where bids_id = #{bidsId}
    </update>

    <delete id="deleteAuctionBidsNumById" parameterType="Long">
        delete from auction_bids_num where bids_id = #{bidsId}
    </delete>

    <delete id="deleteAuctionBidsNumByIds" parameterType="String">
        delete from auction_bids_num where bids_id in
        <foreach item="bidsId" collection="array" open="(" separator="," close=")">
            #{bidsId}
        </foreach>
    </delete>

</mapper>