<?xml version="1.0" encoding="UTF-8" ?>
<!DOCTYPE mapper
        PUBLIC "-//mybatis.org//DTD Mapper 3.0//EN"
        "http://mybatis.org/dtd/mybatis-3-mapper.dtd">
<mapper namespace="com.fmall.project.system.auction.mapper.AuctionNumMapper">

    <resultMap type="AuctionNum" id="AuctionNumResult">
        <result property="auctionsId" column="auctions_id"/>
        <result property="auctionsTime" column="auctions_time"/>
        <result property="statistics" column="statistics"/>
        <result property="deleted" column="deleted"/>
        <result property="createTime" column="create_time"/>
        <result property="createBy" column="create_by"/>
        <result property="updateTime" column="update_time"/>
        <result property="updateBy" column="update_by"/>
    </resultMap>

    <sql id="selectAuctionNumVo">
        select auctions_id, auctions_time, statistics, deleted, create_time, create_by, update_time, update_by from auction_num
    </sql>

    <select id="selectAuctionNumList" parameterType="AuctionNum" resultMap="AuctionNumResult">
        <include refid="selectAuctionNumVo"/>
        <where>
            <if test="auctionsId != null and auctionsId != ''">and auctions_id = #{auctionsId}</if>
            <if test="auctionsTime != null and auctionsTime != ''">and auctions_time = #{auctionsTime}</if>
            <if test="statistics != null and statistics != ''">and statistics = #{statistics}</if>
            <if test="deleted != null and deleted != ''">and deleted = #{deleted}</if>
            <if test="createTime != null and createTime != ''">and create_time = #{createTime}</if>
            <if test="createBy != null and createBy != ''">and create_by = #{createBy}</if>
            <if test="updateTime != null and updateTime != ''">and update_time = #{updateTime}</if>
            <if test="updateBy != null and updateBy != ''">and update_by = #{updateBy}</if>
        </where>
        <choose>
            <when test="orderField != null and orderField != ''">
                order by ${orderField}
            </when>
            <otherwise>
                order by create_time desc
            </otherwise>
        </choose>
    </select>


    <select id="queryPageAuctionNumList" parameterType="AuctionNum" resultMap="AuctionNumResult">
        <include refid="selectAuctionNumVo"/>
        <where>
            <if test="auctionsId != null and auctionsId != ''">and auctions_id = #{auctionsId}</if>
            <if test="auctionsTime != null and auctionsTime != ''">and auctions_time = #{auctionsTime}</if>
            <if test="statistics != null and statistics != ''">and statistics = #{statistics}</if>
            <if test="deleted != null and deleted != ''">and deleted = #{deleted}</if>
            <if test="createTime != null and createTime != ''">and create_time = #{createTime}</if>
            <if test="createBy != null and createBy != ''">and create_by = #{createBy}</if>
            <if test="updateTime != null and updateTime != ''">and update_time = #{updateTime}</if>
            <if test="updateBy != null and updateBy != ''">and update_by = #{updateBy}</if>
        </where>
        <choose>
            <when test="orderField != null and orderField != ''">
                order by ${orderField}
            </when>
            <otherwise>
                order by create_time desc
            </otherwise>
        </choose>
    </select>


    <select id="selectAuctionNumById" parameterType="Long" resultMap="AuctionNumResult">
        <include refid="selectAuctionNumVo"/>
        where auctions_id = #{auctionsId}
    </select>

    <insert id="insertAuctionNum" parameterType="AuctionNum">
        insert into auction_num (
							auctions_id, 
							auctions_time, 
							statistics, 
							deleted, 
							create_time, 
							create_by, 
							update_time, 
							update_by        )values(
			#{auctionsId}, 
			#{auctionsTime}, 
			#{statistics}, 
			0, 
			now(), 
			#{createBy}, 
			#{updateTime}, 
			#{updateBy}		)
    </insert>

    <update id="updateAuctionNum" parameterType="AuctionNum">
        update auction_num
        <set>
            <if test="auctionsTime != null and auctionsTime != ''">auctions_time = #{auctionsTime},</if>
            <if test="statistics != null and statistics != ''">statistics = #{statistics},</if>
            <if test="deleted != null and deleted != ''">deleted = #{deleted},</if>
            <if test="createTime != null and createTime != ''">create_time = #{createTime},</if>
            <if test="createBy != null and createBy != ''">create_by = #{createBy},</if>
            <if test="updateTime != null and updateTime != ''">update_time = #{updateTime},</if>
            <if test="updateBy != null and updateBy != ''">update_by = #{updateBy}</if>
        </set>
        where auctions_id = #{auctionsId}
    </update>

    <delete id="deleteAuctionNumById" parameterType="Long">
        delete from auction_num where auctions_id = #{auctionsId}
    </delete>

    <delete id="deleteAuctionNumByIds" parameterType="String">
        delete from auction_num where auctions_id in
        <foreach item="auctionsId" collection="array" open="(" separator="," close=")">
            #{auctionsId}
        </foreach>
    </delete>

</mapper>