<?xml version="1.0" encoding="UTF-8" ?>
<!DOCTYPE mapper
PUBLIC "-//mybatis.org//DTD Mapper 3.0//EN"
"http://mybatis.org/dtd/mybatis-3-mapper.dtd">
<mapper namespace="com.fmall.project.system.auction.mapper.AuctionRecordInfoMapper">
    
    <resultMap type="AuctionRecordInfo" id="AuctionRecordInfoResult">
        <result property="auctionId"    column="auction_id"    />
        <result property="goodsId"    column="goods_id"    />
        <result property="goodsName"    column="goods_name"    />
        <result property="goodsDetail"    column="goods_detail"    />
        <result property="sort"    column="sort"    />
        <result property="displayArea"    column="display_area"    />
        <result property="addPriceRuleId"    column="add_price_rule_id"    />
        <result property="headImage"    column="head_image"    />
        <result property="supplier"    column="supplier"    />
        <result property="supplierId"    column="supplier_id"    />
        <result property="mailingUserId"    column="mailing_user_id"    />
        <result property="logo"    column="logo"    />
        <result property="categoryId"    column="category_id"    />
        <result property="categoryName"    column="category_name"    />
        <result property="costPrice"    column="cost_price"    />
        <result property="maxPrice"    column="maxPrice"    />
        <result property="assessPrice"    column="assess_price"    />
        <result property="startPrice"    column="start_price"    />
        <result property="protectPrice"    column="protect_price"    />
        <result property="maxProtectPrice"    column="max_protect_price"    />
        <result property="markupPrice"    column="markup_price"    />
        <result property="startTime"    column="start_time"    />
        <result property="passTitle"    column="pass_title"    />
        <result property="endTime"    column="end_time"    />
        <result property="status"    column="status"    />
        <result property="source"    column="source"    />
        <result property="markupNum"    column="markup_num"    />
        <result property="transactionPrice"    column="transaction_price"    />
        <result property="brokerage"    column="brokerage"    />
        <result property="openRobot"    column="open_robot"    />
        <result property="deleted"    column="deleted"    />
        <result property="createBy"    column="create_by"    />
        <result property="createTime"    column="create_time"    />
        <result property="updateBy"    column="update_by"    />
        <result property="updateTime"    column="update_time"    />
        <result property="viewCount"    column="view_count"    />
        <result property="robotPrecent"    column="robot_precent"    />
        <result property="openRobotPrecent"    column="open_robot_precent"    />
        <result property="ratio"    column="ratio"    />
    </resultMap>
	
	<sql id="selectAuctionRecordInfoVo">
        select auction_id, goods_id, goods_name, goods_detail, sort, display_area, add_price_rule_id, head_image, supplier, 
        supplier_id,  mailing_user_id, logo, category_id, category_name, cost_price,maxPrice, assess_price, start_price, protect_price, max_protect_price, markup_price, start_time, pass_title, end_time, status, source, markup_num, transaction_price, brokerage, open_robot, deleted, create_by, create_time, update_by, update_time, view_count,robot_precent,open_robot_precent,ratio from auction_record_info
    </sql>
	
    <select id="selectAuctionRecordInfoList" parameterType="AuctionRecordInfo" resultMap="AuctionRecordInfoResult">
        <include refid="selectAuctionRecordInfoVo"/>
        <where>  
            <if test="auctionId != null "> and auction_id = #{auctionId}</if>
             <if test="goodsId != null "> and goods_id = #{goodsId}</if>
             <if test="goodsName != null and goodsName != ''"> and goods_name = #{goodsName}</if>
             <if test="goodsDetail != null and goodsDetail != ''"> and goods_detail = #{goodsDetail}</if>
             <if test="sort != null "> and sort = #{sort}</if>
             <if test="displayArea != null and displayArea != ''"> and display_area = #{displayArea}</if>
             <if test="addPriceRuleId != null "> and add_price_rule_id = #{addPriceRuleId}</if>
             <if test="headImage != null and headImage != ''"> and head_image = #{headImage}</if>
             <if test="supplier != null and supplier != ''"> and supplier = #{supplier}</if>
             <if test="supplierId != null "> and supplier_id = #{supplierId}</if>
             <if test="mailingUserId != null "> and mailing_user_id = #{mailingUserId}</if>
             <if test="logo != null and logo != ''"> and logo = #{logo}</if>
             <if test="categoryId != null "> and category_id = #{categoryId}</if>
             <if test="categoryName != null and categoryName != ''"> and category_name = #{categoryName}</if>
             <if test="costPrice != null "> and cost_price = #{costPrice}</if>
             <if test="maxPrice != null "> and maxPrice = #{maxPrice}</if>
             <if test="assessPrice != null "> and assess_price = #{assessPrice}</if>
             <if test="startPrice != null "> and start_price = #{startPrice}</if>
             <if test="protectPrice != null "> and protect_price = #{protectPrice}</if>
             <if test="maxProtectPrice != null "> and max_protect_price = #{maxProtectPrice}</if>
             <if test="markupPrice != null "> and markup_price = #{markupPrice}</if>
             <if test="startTime != null "> and start_time = #{startTime}</if>
             <if test="passTitle != null and passTitle != ''"> and pass_title = #{passTitle}</if>
             <if test="endTime != null"> and end_time = #{endTime}</if>
             <if test="status != null "> and status = #{status}</if>
             <if test="source != null "> and source = #{source}</if>
             <if test="markupNum != null "> and markup_num = #{markupNum}</if>
             <if test="transactionPrice != null "> and transaction_price = #{transactionPrice}</if>
             <if test="brokerage != null and brokerage != ''"> and brokerage = #{brokerage}</if>
             <if test="openRobot != null "> and open_robot = #{openRobot}</if>
             <if test="deleted != null "> and deleted = #{deleted}</if>
             <if test="createBy != null "> and create_by = #{createBy}</if>
             <if test="createTime != null"> and create_time = #{createTime}</if>
             <if test="updateBy != null "> and update_by = #{updateBy}</if>
             <if test="updateTime != null "> and update_time = #{updateTime}</if>
             <if test="viewCount != null "> and view_count = #{viewCount}</if>
             <if test="robotPrecent != null "> and robot_precent = #{robotPrecent}</if>
             <if test="openRobotPrecent != null "> and open_robot_precent = #{openRobotPrecent}</if>
         </where>
        <choose>
	        <when test="orderField != null and orderField != ''">
				order by  ${orderField}  
			 </when>
			 <otherwise>
	        	order by create_time desc 
	    	</otherwise>
    	</choose>
    </select>
    
    
     <select id="queryPageAuctionRecordInfoList" parameterType="AuctionRecordInfo" resultMap="AuctionRecordInfoResult">
         select auction_id, goods_id, goods_name, goods_detail, sort, display_area, add_price_rule_id, head_image, supplier,
         supplier_id,  mailing_user_id, logo, category_id, category_name, cost_price, assess_price, start_price, protect_price, max_protect_price, markup_price, start_time, pass_title, end_time, status, source, markup_num, transaction_price, brokerage, open_robot, deleted, create_by, create_time, update_by, update_time,
          view_count,robot_precent,open_robot_precent, TIMEDIFF( `start_time`,  CURRENT_TIMESTAMP ( ) ) AS diff  from auction_record_info
        <where>  
            <if test="auctionId != null "> and auction_id = #{auctionId}</if>
             <if test="goodsId != null "> and goods_id = #{goodsId}</if>
             <if test="goodsDetail != null and goodsDetail != ''"> and goods_detail = #{goodsDetail}</if>
             <if test="sort != null "> and sort = #{sort}</if>
             <if test="displayArea != null and displayArea != ''"> and display_area = #{displayArea}</if>
             <if test="addPriceRuleId != null "> and add_price_rule_id = #{addPriceRuleId}</if>
             <if test="headImage != null and headImage != ''"> and head_image = #{headImage}</if>
             <if test="supplier != null and supplier != ''"> and supplier = #{supplier}</if>
             <if test="supplierId != null and supplierId != ''"> and supplier_id = #{supplierId}</if>
             <if test="mailingUserId != null and mailingUserId != ''"> and mailing_user_id = #{mailingUserId}</if>
             <if test="logo != null and logo != ''"> and logo = #{logo}</if>
             <if test="categoryId != null "> and category_id = #{categoryId}</if>
             <if test="categoryName != null and categoryName != ''"> and category_name = #{categoryName}</if>
             <if test="costPrice != null "> and cost_price = #{costPrice}</if>
             <if test="assessPrice != null "> and assess_price = #{assessPrice}</if>
             <if test="startPrice != null "> and start_price = #{startPrice}</if>
             <if test="protectPrice != null "> and protect_price = #{protectPrice}</if>
             <if test="maxProtectPrice != null "> and max_protect_price = #{maxProtectPrice}</if>
             <if test="markupPrice != null "> and markup_price = #{markupPrice}</if>
             <if test="startTime != null"> and start_time = #{startTime}</if>
             <if test="passTitle != null and passTitle != ''"> and pass_title = #{passTitle}</if>
             <if test="endTime != null "> and end_time = #{endTime}</if>
             <if test="status != null "> and status = #{status}</if>
             <if test="source != null "> and source = #{source}</if>
             <if test="markupNum != null "> and markup_num = #{markupNum}</if>
             <if test="transactionPrice != null "> and transaction_price = #{transactionPrice}</if>
             <if test="brokerage != null and brokerage != ''"> and brokerage = #{brokerage}</if>
             <if test="openRobot != null and openRobot != ''"> and open_robot = #{openRobot}</if>
             <if test="deleted != null "> and deleted = #{deleted}</if>
             <if test="createBy != null "> and create_by = #{createBy}</if>
             <if test="createTime != null "> and create_time = #{createTime}</if>
             <if test="updateBy != null "> and update_by = #{updateBy}</if>
             <if test="updateTime != null"> and update_time = #{updateTime}</if>
             <if test="viewCount != null "> and view_count = #{viewCount}</if>
            <if test="robotPrecent != null "> and robot_precent = #{robotPrecent}</if>
            <if test="openRobotPrecent != null "> and open_robot_precent = #{openRobotPrecent}</if>
            <if test="goodsName != null and goodsName != ''">
                and goods_name like CONCAT('%',#{goodsName},'%')
            </if>
            <if test="startStartTime != null and startStartTime != '' ">
                and start_time <![CDATA[>=]]> #{startStartTime}
            </if>
            <if test="startEndTime != null and startEndTime != ''">
                and end_time <![CDATA[>=]]> #{startEndTime}
            </if>
            <if test=" endStartTime != null and endStartTime != ''">
                and start_time <![CDATA[<=]]> #{endStartTime}
            </if>
            <if test="endEndTime != null and endEndTime != ''">
                and end_time <![CDATA[<=]]> #{endEndTime}
            </if>
            <if test="startStartPrice != null ">
                and start_price <![CDATA[>=]]> #{startStartPrice}
            </if>
            <if test=" endStartPrice != null">
                and start_price <![CDATA[<=]]> #{endStartPrice}
            </if>
              <if test="list != null ">
              and auction_id in
              <foreach item="auctionId" collection="list" open="(" separator="," close=")">
		            ${auctionId}
		        </foreach>
              </if>
         </where>
        <choose>
	        <when test="orderField != null and orderField != ''">
				order by  ${orderField}  
			 </when>
			 <otherwise>
                 order by CASE WHEN diff <![CDATA[<]]>  0 THEN 1 ELSE 0 END, diff
	    	</otherwise>
    	</choose>
    </select>
    
    
    <select id="selectAuctionRecordInfoById" parameterType="Long" resultMap="AuctionRecordInfoResult">
        <include refid="selectAuctionRecordInfoVo"/>
        where auction_id = #{auctionId}
    </select>
        
    <insert id="insertAuctionRecordInfo" parameterType="AuctionRecordInfo">
    	<selectKey resultType="Long" keyProperty="auctionId" >
			SELECT LAST_INSERT_ID()
		</selectKey>
        insert into auction_record_info (
							auction_id, 
							goods_id, 
							goods_name, 
							goods_detail, 
							sort, 
							display_area, 
							add_price_rule_id, 
							head_image, 
							supplier, 
							supplier_id, 
							mailing_user_id, 
							logo, 
							category_id, 
							category_name, 
							cost_price, 
							maxPrice, 
							assess_price, 
							start_price, 
							protect_price, 
							max_protect_price, 
							markup_price, 
							start_time, 
							pass_title, 
							end_time, 
							status, 
							source, 
							markup_num, 
							transaction_price, 
							brokerage, 
							open_robot, 
							deleted, 
							create_by, 
							create_time, 
							update_by, 
							update_time, 
							view_count,
                            robot_precent,
                            ratio,
                            open_robot_precent
        )values(
			#{auctionId}, 
			#{goodsId}, 
			#{goodsName}, 
			#{goodsDetail}, 
			#{sort}, 
			#{displayArea}, 
			#{addPriceRuleId}, 
			#{headImage}, 
			#{supplier}, 
			#{supplierId}, 
			#{mailingUserId}, 
			#{logo}, 
			#{categoryId}, 
			#{categoryName}, 
			#{costPrice}, 
			#{maxPrice}, 
			#{assessPrice}, 
			#{startPrice}, 
			#{protectPrice}, 
			#{maxProtectPrice}, 
			#{markupPrice}, 
			#{startTime}, 
			#{passTitle}, 
			#{endTime}, 
			#{status}, 
			#{source}, 
			#{markupNum}, 
			#{transactionPrice}, 
			#{brokerage}, 
			#{openRobot}, 
			0, 
			#{createBy}, 
			now(), 
			#{updateBy}, 
			#{updateTime}, 
			#{viewCount},
			#{robotPrecent},
			#{ratio},
			#{openRobotPrecent}
					)
    </insert>
	 
    <update id="updateAuctionRecordInfo" parameterType="AuctionRecordInfo">
        update auction_record_info 
        <set>
            <if test="goodsId != null ">goods_id = #{goodsId}, </if>
            <if test="goodsName != null and goodsName != '' ">goods_name = #{goodsName}, </if>
            <if test="goodsDetail != null and goodsDetail != ''">goods_detail = #{goodsDetail}, </if>
            <if test="sort != null ">sort = #{sort}, </if>
            <if test="displayArea != null and displayArea != ''">display_area = #{displayArea}, </if>
            <if test="addPriceRuleId != null ">add_price_rule_id = #{addPriceRuleId}, </if>
            <if test="headImage != null and headImage != ''">head_image = #{headImage}, </if>
            <if test="supplier != null and supplier != ''">supplier = #{supplier}, </if>
            <if test="supplierId != null ">supplier_id = #{supplierId}, </if>
            <if test="mailingUserId != null and mailingUserId != ''">mailing_user_id = #{mailingUserId}, </if>
            <if test="logo != null and logo != ''">logo = #{logo}, </if>
            <if test="categoryId != null ">category_id = #{categoryId}, </if>
            <if test="categoryName != null and categoryName != ''">category_name = #{categoryName}, </if>
            <if test="costPrice != null ">cost_price = #{costPrice}, </if>
            <if test="maxPrice != null ">maxPrice = #{maxPrice}, </if>
            <if test="assessPrice != null ">assess_price = #{assessPrice}, </if>
            <if test="startPrice != null ">start_price = #{startPrice}, </if>
            <if test="protectPrice != null ">protect_price = #{protectPrice}, </if>
            <if test="maxProtectPrice != null ">max_protect_price = #{maxProtectPrice}, </if>
            <if test="markupPrice != null ">markup_price = #{markupPrice}, </if>
            <if test="startTime != null ">start_time = #{startTime}, </if>
            <if test="passTitle != null and passTitle != ''">pass_title = #{passTitle}, </if>
            <if test="endTime != null">end_time = #{endTime}, </if>
            <if test="status != null ">status = #{status}, </if>
            <if test="source != null ">source = #{source}, </if>
            <if test="markupNum != null ">markup_num = #{markupNum}, </if>
            <if test="transactionPrice != null ">transaction_price = #{transactionPrice}, </if>
            <if test="brokerage != null ">brokerage = #{brokerage}, </if>
            <if test="openRobot != null ">open_robot = #{openRobot}, </if>
            <if test="deleted != null ">deleted = #{deleted}, </if>
            <if test="createBy != null ">create_by = #{createBy}, </if>
            <if test="createTime != null">create_time = #{createTime}, </if>
            <if test="updateBy != null ">update_by = #{updateBy}, </if>
            <if test="updateTime != null">update_time = #{updateTime}, </if>
            <if test="viewCount != null ">view_count = #{viewCount},</if>
            <if test="robotPrecent != null ">robot_precent = #{robotPrecent},</if>
            <if test="openRobotPrecent != null ">open_robot_precent = #{openRobotPrecent}</if>
        </set>
        where auction_id = #{auctionId}
    </update>
	
	<delete id="deleteAuctionRecordInfoById" parameterType="Long">
        delete from auction_record_info where auction_id = #{auctionId}
    </delete>
	
    <delete id="deleteAuctionRecordInfoByIds" parameterType="String">
        delete from auction_record_info where auction_id in 
        <foreach item="auctionId" collection="array" open="(" separator="," close=")">
            #{auctionId}
        </foreach>
    </delete>
    
    <!-- 查询近三天的预展拍卖纪录列表 -->
  <select id="queryPageAuctionRecordInfoListDate" parameterType="AuctionRecordInfo" resultMap="AuctionRecordInfoResult">
    <include refid="selectAuctionRecordInfoVo"/>
    where start_time <![CDATA[>=]]> #{startTime}
    and start_time <![CDATA[<=]]> #{endTime}
    and status = 3 
    and deleted = 0 
    <if test="displayArea != null">
      and display_area = #{displayArea}
    </if>
    order by start_time asc, sort desc
  </select>
   <!-- 今日热拍 -->
    <select id="queryPageAuctionRecordInfoListToday" parameterType="AuctionRecordInfo" resultMap="AuctionRecordInfoResult">
    select auction_id, goods_name, logo, start_price, start_time , end_time, status, markup_num, transaction_price,view_count from auction_record_info
    where status in (2,3,4, 5)
    and deleted = 0
    and TO_DAYS(start_time) = TO_DAYS(now())
    and end_time <![CDATA[>=]]> date_format(now(),'%Y-%m-%d-%H-%i-%S')
    <if test="displayArea != null">
      and display_area = #{displayArea}
    </if>
    order by FIELD(status ,3,2, 4,5),
    case when (status=3 or status=2)  then start_time end asc,
    case when (status=4 or status=5) then end_time end desc,
    sort desc
  </select>
    <select id="queryPageFatherCategory" parameterType="AuctionRecordInfo" resultMap="AuctionRecordInfoResult">
        select auction_id, goods_name, logo, start_price,
        start_time, end_time, status, markup_num, transaction_price, view_count
         from auction_record_info
        where category_id like CONCAT(#{fatherCategoryId},'%')
        and status in (2,3)
        and deleted = 0
        and end_time <![CDATA[>=]]> date_format(now(),'%Y-%m-%d-%H-%i-%S')
        <if test="displayArea != null "> and display_area = #{displayArea}</if>
        order by status desc, start_time asc, sort desc
    </select>
    <select id="queryPageAuctionRecordInfoHistory" parameterType="AuctionRecordInfo" resultMap="AuctionRecordInfoResult">
        select auction_id, goods_name, logo, start_price,
        start_time, end_time, status, markup_num, transaction_price, view_count
         from auction_record_info
        where end_time <![CDATA[>=]]> #{startTime}
        and end_time <![CDATA[<=]]> #{endTime}
        and status in (4,5)
        and deleted = 0
        <if test="displayArea != null">
            and display_area = #{displayArea}
        </if>
        order by end_time desc, sort desc
    </select>
    <select id="selectListFutureCategory"  resultMap="AuctionRecordInfoResult">
        select auction_id, goods_name, logo, start_price,
        start_time, end_time, status, markup_num, transaction_price, view_count
        from auction_record_info
        where deleted = 0
        and status = 3
        and start_time <![CDATA[>=]]> #{startTime}
        <if test="displayArea != null">
            and display_area = #{displayArea}
        </if>
        order by rand()
        limit 10
    </select>
    <!--当前整点正在竞拍中的列表-->
    <select id="selectHourActionList" resultType="com.fmall.project.system.auction.vo.AuctionRecordInfoVo">
        select
            auction_id auctionId, goods_id goodsId, goods_name goodsName, logo,
             add_price_rule_id addPriceRuleId, category_id categoryId, cost_price costPrice,
              assess_price assessPrice, start_price startPrice,display_area displayArea,
            protect_price protectPrice, markup_price markupPrice, start_time startTime, end_time endTime
            , status, source, markup_num markupNum, transaction_price transactionPrice,
            brokerage, deleted, create_by, create_time, update_by, update_time, head_image headImage,
            open_robot openRobot,max_protect_price maxProtectPrice, vip_id vipId, vip_name vipName, room_id roomId, room_name roomName, view_count viewCount
        from auction_record_info
        where deleted = 0
        and status = 3
        and open_robot = 1
        and start_time <![CDATA[<=]]> #{now}

    </select>
    <select id="getOldList" resultType="java.lang.Long">
        select auction_id
        from auction_record_info
        where end_time BETWEEN #{beginDate} and #{endDate}
        and deleted = 0
    </select>
    <select id="getOldAllList" resultType="java.lang.Long">
    select auction_id
    from auction_record_info
    where end_time  &lt;  #{three}
    and deleted = 0
    </select>
    <select id="selectAuctionIdListByTime" resultType="java.lang.Long">
        select auction_id from auction_record_info
        <where>
            and deleted = 0
            and status = 3 and end_time >= #{startTime} and end_time &lt;= #{endTime}
        </where>
    </select>
    <select id="selectListFuture" resultType="com.fmall.project.system.auction.vo.AuctionRecordInfoWxVo">
        select
        auction_id, goods_name, logo, start_price,
        start_time, end_time, status, markup_num, transaction_price, view_count
        from auction_record_info
        where deleted = 0
        and status = 3
        and start_time <![CDATA[>=]]> #{startTime}
        <if test="displayArea != null">
            and display_area = #{displayArea}
        </if>
        order by rand()
        limit 10

    </select>
    <select id="selectAuctionIdListByTimeType" resultType="java.lang.Long">
        select auction_id from auction_record_info
        <where>
            and deleted = 0
            <if test="timeType == 1">
                and status = 2 and start_time &lt;= #{time}
            </if>
            <if test="timeType == 2">
                and status = 3 and end_time &lt;= #{time} 
                and start_time <![CDATA[>]]> date_sub( #{time} , interval 25 minute);
            </if>
        </where>
    </select>
    <select id="getScene" resultType="java.lang.Integer">
        select count(1) from auction_record_info
      where start_time BETWEEN #{beforeDate} and #{datetime}
      and deleted = 0
    </select>
    
     <select id="queryAuctionRecordInfoListForKey" parameterType="AuctionRecordInfo" resultMap="AuctionRecordInfoResult">
    <include refid="selectAuctionRecordInfoVo"/>
    where start_time <![CDATA[>=]]> #{startTime}
    and status = 3
    and deleted = 0
  </select>
  
   <select id="queryAuctionRecordInfoListForBatch" resultMap="AuctionRecordInfoResult">
      select * from auction_record_info where to_days(start_time) = to_days(#{startTime}) ;
    </select>
  
  <insert id="batchAuctionRecordInfo">
		insert into auction_record_info(goods_id, goods_name, goods_detail, sort, display_area, add_price_rule_id, head_image, supplier, 
	       supplier_id,  mailing_user_id, logo, category_id, category_name, cost_price,maxPrice, assess_price, start_price, protect_price, max_protect_price,
	       markup_price, start_time, pass_title, end_time, status, source, markup_num, transaction_price, brokerage, open_robot, deleted, create_by, 
	       create_time, update_by, update_time, view_count,robot_precent,open_robot_precent) values
		<foreach item="item" index="index" collection="list" separator=",">
			(#{item.goodsId},#{item.goodsName},#{item.goodsDetail},#{item.sort},#{item.displayArea},#{item.addPriceRuleId},#{item.headImage},#{item.supplier},
			#{item.supplierId},#{item.mailingUserId},#{item.logo},#{item.categoryId},#{item.categoryName},#{item.costPrice},#{item.maxPrice},#{item.assessPrice},#{item.startPrice},#{item.protectPrice},#{item.maxProtectPrice},
			#{item.markupPrice},#{item.startTime},#{item.passTitle},#{item.endTime},#{item.status},#{item.source},#{item.markupNum},#{item.transactionPrice},#{item.brokerage},#{item.openRobot},0,#{item.createBy},
			now(),#{item.updateBy},now(),#{item.viewCount},#{item.robotPrecent},#{item.openRobotPrecent})
		</foreach>
  </insert>
</mapper>