<?xml version="1.0" encoding="UTF-8" ?>
<!DOCTYPE mapper
        PUBLIC "-//mybatis.org//DTD Mapper 3.0//EN"
        "http://mybatis.org/dtd/mybatis-3-mapper.dtd">
<mapper namespace="com.fmall.project.system.auction.mapper.AuctionRecordDetailMapper">

    <resultMap type="AuctionRecordDetail" id="AuctionRecordDetailResult">
        <result property="auctionDetailId" column="auction_detail_id"/>
        <result property="auctionId" column="auction_id"/>
        <result property="markupTime" column="markup_time"/>
        <result property="userType" column="user_type"/>
        <result property="payType" column="pay_type"/>
        <result property="userId" column="user_id"/>
        <result property="userName" column="user_name"/>
        <result property="avatar" column="avatar"/>
        <result property="payPrice" column="pay_price"/>
        <result property="guarantyPrice" column="guaranty_price"/>
        <result property="deleted" column="deleted"/>
        <result property="createBy" column="create_by"/>
        <result property="createTime" column="create_time"/>
        <result property="updateBy" column="update_by"/>
        <result property="updateTime" column="update_time"/>
    </resultMap>

    <sql id="selectAuctionRecordDetailVo">
        select auction_detail_id, auction_id, markup_time, user_type, pay_type, user_id, user_name, avatar, pay_price,
         guaranty_price, deleted, create_by, create_time, update_by, update_time from auction_record_detail
    </sql>

    <select id="selectAuctionRecordDetailList" parameterType="AuctionRecordDetail"
            resultMap="AuctionRecordDetailResult">
        <include refid="selectAuctionRecordDetailVo"/>
        <where>
            <if test="auctionDetailId != null ">and auction_detail_id = #{auctionDetailId}</if>
            <if test="auctionId != null ">and auction_id = #{auctionId}</if>
            <if test="markupTime != null and markupTime != ''">and markup_time = #{markupTime}</if>
            <if test="userType != null ">and user_type = #{userType}</if>
            <if test="payType != null ">and pay_type = #{payType}</if>
            <if test="userId != null ">and user_id = #{userId}</if>
            <if test="userName != null and userName != ''">and user_name = #{userName}</if>
            <if test="avatar != null and avatar != ''">and avatar = #{avatar}</if>
            <if test="payPrice != null ">and pay_price = #{payPrice}</if>
            <if test="guarantyPrice != null ">and guaranty_price = #{guarantyPrice}</if>
            <if test="deleted != null ">and deleted = #{deleted}</if>
            <if test="createBy != null ">and create_by = #{createBy}</if>
            <if test="createTime != null and createTime != ''">and create_time = #{createTime}</if>
            <if test="updateBy != null ">and update_by = #{updateBy}</if>
            <if test="updateTime != null and updateTime != ''">and update_time = #{updateTime}</if>
        </where>
        <choose>
            <when test="orderField != null and orderField != ''">
                order by ${orderField}
            </when>
            <otherwise>
                order by create_time desc
            </otherwise>
        </choose>
    </select>


    <select id="queryPageAuctionRecordDetailList" parameterType="AuctionRecordDetail"
            resultMap="AuctionRecordDetailResult">
        <include refid="selectAuctionRecordDetailVo"/>
        <where>
            <if test="auctionDetailId != null ">and auction_detail_id = #{auctionDetailId}</if>
            <if test="auctionId != null ">and auction_id = #{auctionId}</if>
            <if test="markupTime != null and markupTime != ''">and markup_time = #{markupTime}</if>
            <if test="userType != null ">and user_type = #{userType}</if>
            <if test="payType != null ">and pay_type = #{payType}</if>
            <if test="userId != null ">and user_id = #{userId}</if>
            <if test="userName != null and userName != ''">and user_name = #{userName}</if>
            <if test="avatar != null and avatar != ''">and avatar = #{avatar}</if>
            <if test="payPrice != null ">and pay_price = #{payPrice}</if>
            <if test="guarantyPrice != null ">and guaranty_price = #{guarantyPrice}</if>
            <if test="deleted != null ">and deleted = #{deleted}</if>
            <if test="createBy != null ">and create_by = #{createBy}</if>
            <if test="createTime != null and createTime != ''">and create_time = #{createTime}</if>
            <if test="updateBy != null ">and update_by = #{updateBy}</if>
            <if test="updateTime != null and updateTime != ''">and update_time = #{updateTime}</if>
        </where>
        <choose>
            <when test="orderField != null and orderField != ''">
                order by ${orderField}
            </when>
            <otherwise>
                order by create_time desc
            </otherwise>
        </choose>
    </select>


    <select id="selectAuctionRecordDetailById" parameterType="Long" resultMap="AuctionRecordDetailResult">
        <include refid="selectAuctionRecordDetailVo"/>
        where auction_detail_id = #{auctionDetailId}
    </select>

    <insert id="insertAuctionRecordDetail" parameterType="AuctionRecordDetail">
        <selectKey resultType="Long" keyProperty="auctionDetailId">
            SELECT LAST_INSERT_ID()
        </selectKey>
        insert into auction_record_detail (
        auction_detail_id,
        auction_id,
        markup_time,
        user_type,
        pay_type,
        user_id,
        user_name,
        avatar,
        pay_price,
        guaranty_price,
        deleted,
        create_by,
        create_time,
        update_by,
        update_time )values(
        #{auctionDetailId},
        #{auctionId},
        #{markupTime},
        #{userType},
        #{payType},
        #{userId},
        #{userName},
        #{avatar},
        #{payPrice},
        #{guarantyPrice},
        0,
        #{createBy},
        now(),
        #{updateBy},
        #{updateTime} )
    </insert>

    <update id="updateAuctionRecordDetail" parameterType="AuctionRecordDetail">
        update auction_record_detail
        <set>
            <if test="auctionId != null ">auction_id = #{auctionId},</if>
            <if test="markupTime != null and markupTime != ''">markup_time = #{markupTime},</if>
            <if test="userType != null ">user_type = #{userType},</if>
            <if test="payType != null ">pay_type = #{payType},</if>
            <if test="userId != null ">user_id = #{userId},</if>
            <if test="userName != null and userName != ''">user_name = #{userName},</if>
            <if test="avatar != null and avatar != ''">avatar = #{avatar},</if>
            <if test="payPrice != null ">pay_price = #{payPrice},</if>
            <if test="guarantyPrice != null ">guaranty_price = #{guarantyPrice},</if>
            <if test="deleted != null ">deleted = #{deleted},</if>
            <if test="createBy != null ">create_by = #{createBy},</if>
            <if test="createTime != null and createTime != ''">create_time = #{createTime},</if>
            <if test="updateBy != null ">update_by = #{updateBy},</if>
            <if test="updateTime != null and updateTime != ''">update_time = #{updateTime}</if>
        </set>
        where auction_detail_id = #{auctionDetailId}
    </update>

    <delete id="deleteAuctionRecordDetailById" parameterType="Long">
        delete from auction_record_detail where auction_detail_id = #{auctionDetailId}
    </delete>

    <delete id="deleteAuctionRecordDetailByIds" parameterType="String">
        delete from auction_record_detail where auction_detail_id in
        <foreach item="auctionDetailId" collection="array" open="(" separator="," close=")">
            #{auctionDetailId}
        </foreach>
    </delete>

    <select id="rankingList" resultType="com.fmall.project.system.auction.vo.MarkupTopVo">
	    select count(1) as num, user_name as userName,avatar from auction_record_detail
	    where auction_id = #{auctionId}
	    GROUP BY user_id
	    order by num desc
	    limit 5
  </select>
    <select id="selectAuctionRecordDetail"
            resultMap="AuctionRecordDetailResult">
        select
        auction_detail_id, auction_id, markup_time, user_type, pay_type, user_id, user_name,
    pay_price, guaranty_price, deleted, create_by, create_time, update_by, update_time
         from auction_record_detail
        where auction_id = #{auctionId}  and deleted = 0 and pay_type = 1
        order by create_time desc,auction_detail_id desc
        limit 1
    </select>
    <select id="countDetailByActionId" resultType="java.lang.Integer">
    select
    count(0)
    from auction_record_detail
    where auction_id = #{auctionId}
    and deleted = 0
    </select>
    <select id="getNum" resultType="java.lang.Integer">
        select count(1) from auction_record_detail
    where markup_time BETWEEN #{beforeDate} and #{datetime}
    and deleted = 0
    and user_type = 1
    </select>

</mapper>