<?xml version="1.0" encoding="UTF-8" ?>
<!DOCTYPE mapper
PUBLIC "-//mybatis.org//DTD Mapper 3.0//EN"
"http://mybatis.org/dtd/mybatis-3-mapper.dtd">
<mapper namespace="com.fmall.project.system.closeanaccount.mapper.CloseanaccountMapper">
    
    <resultMap type="Closeanaccount" id="CloseanaccountResult">
        <result property="userId"    column="user_id"    />
        <result property="nickname"    column="nickname"    />
          <result property="phone"    column="phone"    />
        
        <result property="charge"    column="charge"    />
        <result property="malllOrderAmount"    column="malllOrderAmount"    />
        <result property="orderAmount"    column="orderAmount"    />
        <result property="amount"    column="amount"    />
        <result property="profit"    column="profit"    />
        <result property="withdrawAmount"    column="withdrawAmount"    />
        <result property="withdrawAmounta"    column="withdrawAmounta"    />
        <result property="integralAmount"    column="integral_amount"    />
        <result property="shippedAmount"    column="shippedAmount"    />
        <result property="noShippedAmount"    column="noShippedAmount"    />
        <result property="createTime"    column="create_time"    />
    </resultMap>
	
	<sql id="selectCloseanaccountVo">
        select user_id, nickname,phone, charge, malllOrderAmount, orderAmount, amount, profit, withdrawAmount, withdrawAmounta, integral_amount, shippedAmount, noShippedAmount, create_time from closeanaccount
    </sql>
	
    <select id="selectCloseanaccountList" parameterType="Closeanaccount" resultMap="CloseanaccountResult">
        <include refid="selectCloseanaccountVo"/>
        <where>  
            <if test="userId != null"> and user_id = #{userId}</if>
             <if test="nickname != null and nickname != ''"> and nickname = #{nickname}</if>
             <if test="phone != null and phone != ''"> and phone = #{phone}</if>
             
             <if test="charge != null"> and charge = #{charge}</if>
             <if test="malllOrderAmount != null"> and malllOrderAmount = #{malllOrderAmount}</if>
             <if test="orderAmount != null"> and orderAmount = #{orderAmount}</if>
             <if test="amount != null"> and amount = #{amount}</if>
             <if test="profit != null"> and profit = #{profit}</if>
             <if test="withdrawAmount != null"> and withdrawAmount = #{withdrawAmount}</if>
             <if test="withdrawAmounta != null"> and withdrawAmounta = #{withdrawAmounta}</if>
             <if test="integralAmount != null"> and integral_amount = #{integralAmount}</if>
             <if test="shippedAmount != null"> and shippedAmount = #{shippedAmount}</if>
             <if test="noShippedAmount != null"> and noShippedAmount = #{noShippedAmount}</if>
             <if test="createTime != null"> and create_time = #{createTime}</if>
         </where>
        <if test="orderField != null and orderField != ''">
			order by  ${orderField}  
		 </if>
    </select>
    
    
     <select id="queryPageCloseanaccountList" parameterType="Closeanaccount" resultMap="CloseanaccountResult">
        <include refid="selectCloseanaccountVo"/>
        <where>  
            <if test="userId != null"> and user_id = #{userId}</if>
            <if test="nickname != null and nickname != ''">
                and (nickname like CONCAT('%',#{nickname},'%'))
            </if>
            <if test="phone != null and phone != ''">
                and (phone like CONCAT('%',#{phone},'%'))
            </if>
             <if test="charge != null"> and charge = #{charge}</if>
             <if test="malllOrderAmount != null"> and malllOrderAmount = #{malllOrderAmount}</if>
             <if test="orderAmount != null"> and orderAmount = #{orderAmount}</if>
             <if test="amount != null"> and amount = #{amount}</if>
             <if test="profit != null"> and profit = #{profit}</if>
             <if test="withdrawAmount != null"> and withdrawAmount = #{withdrawAmount}</if>
             <if test="withdrawAmounta != null"> and withdrawAmounta = #{withdrawAmounta}</if>
             <if test="integralAmount != null "> and integral_amount = #{integralAmount}</if>
             <if test="shippedAmount != null"> and shippedAmount = #{shippedAmount}</if>
             <if test="noShippedAmount != null"> and noShippedAmount = #{noShippedAmount}</if>
             <if test="createTime != null"> and create_time = #{createTime}</if>
         </where>
        <if test="orderField != null and orderField != ''">
			order by  ${orderField}  
		 </if>
    </select>
    
    
    <select id="selectCloseanaccountById" parameterType="Long" resultMap="CloseanaccountResult">
        <include refid="selectCloseanaccountVo"/>
        where user_id = #{userId}
    </select>
        
    <insert id="insertCloseanaccount" parameterType="Closeanaccount">
        insert into closeanaccount (
							user_id, 
							nickname, 
							phone,
							charge, 
							malllOrderAmount, 
							orderAmount, 
							amount, 
							profit, 
							withdrawAmount, 
							withdrawAmounta, 
							integral_amount, 
							shippedAmount, 
							noShippedAmount, 
							create_time        )values(
			#{userId}, 
			#{nickname}, 
			#{phone}, 
			#{charge}, 
			#{malllOrderAmount}, 
			#{orderAmount}, 
			#{amount}, 
			#{profit}, 
			#{withdrawAmount}, 
			#{withdrawAmounta}, 
			#{integralAmount}, 
			#{shippedAmount}, 
			#{noShippedAmount}, 
			#{createTime}		)
    </insert>
	 
    <update id="updateCloseanaccount" parameterType="Closeanaccount">
        update closeanaccount 
        <set>
            <if test="nickname != null and nickname != ''">nickname = #{nickname}, </if>
            <if test="charge != null  ">charge = #{charge}, </if>
            <if test="phone != null and phone != ''">phone = #{phone}, </if>
            <if test="malllOrderAmount != null  ">malllOrderAmount = #{malllOrderAmount}, </if>
            <if test="orderAmount != null  ">orderAmount = #{orderAmount}, </if>
            <if test="amount != null  ">amount = #{amount}, </if>
            <if test="profit != null  ">profit = #{profit}, </if>
            <if test="withdrawAmount != null ">withdrawAmount = #{withdrawAmount}, </if>
            <if test="withdrawAmounta != null  ">withdrawAmounta = #{withdrawAmounta}, </if>
            <if test="integralAmount != null  ">integral_amount = #{integralAmount}, </if>
            <if test="shippedAmount != null  ">shippedAmount = #{shippedAmount}, </if>
            <if test="noShippedAmount != null  ">noShippedAmount = #{noShippedAmount}, </if>
            <if test="createTime != null  ">create_time = #{createTime}</if>
        </set>
        where user_id = #{userId}
    </update>
	
	<delete id="deleteCloseanaccountById" parameterType="Long">
        delete from closeanaccount where user_id = #{userId}
    </delete>
	
    <delete id="deleteCloseanaccountByIds" parameterType="String">
        delete from closeanaccount where user_id in 
        <foreach item="userId" collection="array" open="(" separator="," close=")">
            #{userId}
        </foreach>
    </delete>
    
</mapper>