<?xml version="1.0" encoding="UTF-8" ?>
<!DOCTYPE mapper
        PUBLIC "-//mybatis.org//DTD Mapper 3.0//EN"
        "http://mybatis.org/dtd/mybatis-3-mapper.dtd">
<mapper namespace="com.fmall.project.system.goods.mapper.GoodsCountCategoryDealMapper">

    <resultMap type="GoodsCountCategoryDeal" id="GoodsCountCategoryDealResult">
        <result property="dealId" column="deal_id"/>
        <result property="categoryId" column="category_id"/>
        <result property="dealNum" column="deal_num"/>
        <result property="dealDay" column="deal_day"/>
    </resultMap>

    <sql id="selectGoodsCountCategoryDealVo">
        select deal_id, category_id, deal_num, deal_day from goods_count_category_deal
    </sql>

    <select id="selectGoodsCountCategoryDealList" parameterType="GoodsCountCategoryDeal"
            resultMap="GoodsCountCategoryDealResult">
        <include refid="selectGoodsCountCategoryDealVo"/>
        <where>
            <if test="dealId != null and dealId != ''">and deal_id = #{dealId}</if>
            <if test="categoryId != null and categoryId != ''">and category_id = #{categoryId}</if>
            <if test="dealNum != null and dealNum != ''">and deal_num = #{dealNum}</if>
            <if test="dealDay != null and dealDay != ''">and deal_day = #{dealDay}</if>
        </where>
        <if test="orderField != null and orderField != ''">
            order by ${orderField}
        </if>
    </select>


    <select id="queryPageGoodsCountCategoryDealList" parameterType="GoodsCountCategoryDeal"
            resultMap="GoodsCountCategoryDealResult">
        <include refid="selectGoodsCountCategoryDealVo"/>
        <where>
            <if test="dealId != null and dealId != ''">and deal_id = #{dealId}</if>
            <if test="categoryId != null and categoryId != ''">and category_id = #{categoryId}</if>
            <if test="dealNum != null and dealNum != ''">and deal_num = #{dealNum}</if>
            <if test="dealDay != null and dealDay != ''">and deal_day = #{dealDay}</if>
        </where>
        <if test="orderField != null and orderField != ''">
            order by ${orderField}
        </if>
    </select>


    <select id="selectGoodsCountCategoryDealById" parameterType="Long" resultMap="GoodsCountCategoryDealResult">
        <include refid="selectGoodsCountCategoryDealVo"/>
        where deal_id = #{dealId}
    </select>
    <select id="categoryCount" resultType="java.lang.Integer">
        SELECT COUNT(*)
        FROM `order`
        WHERE pay_status IN (1,3)
        <if test="startDay!=null">
            AND pay_time <![CDATA[>]]> #{startDay}
        </if>
        AND pay_time <![CDATA[<=]]> #{endDay}
        AND goods_id IN (
        SELECT goods_id
        FROM goods_info
        WHERE category_id LIKE CONCAT(#{categoryId},'%')
        )
    </select>

    <insert id="insertGoodsCountCategoryDeal" parameterType="GoodsCountCategoryDeal">
        insert into goods_count_category_deal (
							deal_id, 
							category_id, 
							deal_num, 
							deal_day        )values(
			#{dealId}, 
			#{categoryId}, 
			#{dealNum}, 
			#{dealDay}		)
    </insert>

    <update id="updateGoodsCountCategoryDeal" parameterType="GoodsCountCategoryDeal">
        update goods_count_category_deal
        <set>
            <if test="categoryId != null and categoryId != ''">category_id = #{categoryId},</if>
            <if test="dealNum != null and dealNum != ''">deal_num = #{dealNum},</if>
            <if test="dealDay != null and dealDay != ''">deal_day = #{dealDay}</if>
        </set>
        where deal_id = #{dealId}
    </update>

    <delete id="deleteGoodsCountCategoryDealById" parameterType="Long">
        delete from goods_count_category_deal where deal_id = #{dealId}
    </delete>

    <delete id="deleteGoodsCountCategoryDealByIds" parameterType="String">
        delete from goods_count_category_deal where deal_id in
        <foreach item="dealId" collection="array" open="(" separator="," close=")">
            #{dealId}
        </foreach>
    </delete>

</mapper>