<?xml version="1.0" encoding="UTF-8" ?>
<!DOCTYPE mapper
        PUBLIC "-//mybatis.org//DTD Mapper 3.0//EN"
        "http://mybatis.org/dtd/mybatis-3-mapper.dtd">
<mapper namespace="com.fmall.project.system.goods.mapper.GoodsCategoryMapper">

    <resultMap type="GoodsCategory" id="GoodsCategoryResult">
        <result property="categoryId" column="category_id"/>
        <result property="parentId" column="parent_id"/>
        <result property="pic" column="pic"/>
        <result property="name" column="name"/>
        <result property="sort" column="sort"/>
        <result property="isRecommend" column="is_recommend"/>
        <result property="type" column="type"/>
        <result property="deleted" column="deleted"/>
        <result property="status" column="status"/>
        <result property="createBy" column="create_by"/>
        <result property="createTime" column="create_time"/>
        <result property="updateBy" column="update_by"/>
        <result property="updateTime" column="update_time"/>
    </resultMap>

    <sql id="selectGoodsCategoryVo">
        select category_id, parent_id, pic, name, sort, is_recommend, type, deleted, status, create_by, create_time, update_by, update_time from goods_category
    </sql>

    <select id="selectGoodsCategoryList" parameterType="GoodsCategory" resultMap="GoodsCategoryResult">
        <include refid="selectGoodsCategoryVo"/>
        <where>
            <if test="categoryId != null ">and category_id = #{categoryId}</if>
            <if test="parentId != null ">and parent_id = #{parentId}</if>
            <if test="pic != null and pic != ''">and pic = #{pic}</if>
            <if test="name != null and name != ''">and name = #{name}</if>
            <if test="sort != null ">and sort = #{sort}</if>
            <if test="isRecommend != null">and is_recommend = #{isRecommend}</if>
            <if test="type != null ">and type = #{type}</if>
            <if test="deleted != null ">and deleted = #{deleted}</if>
            <if test="status != null ">and status = #{status}</if>
            <if test="createBy != null ">and create_by = #{createBy}</if>
            <if test="createTime != null">and create_time = #{createTime}</if>
            <if test="updateBy != null ">and update_by = #{updateBy}</if>
            <if test="updateTime != null ">and update_time = #{updateTime}</if>
        </where>
        <choose>
            <when test="orderField != null and orderField != ''">
                order by ${orderField}
            </when>
            <otherwise>
                order by create_time desc
            </otherwise>
        </choose>
    </select>


    <select id="queryPageGoodsCategoryList" parameterType="GoodsCategory" resultMap="GoodsCategoryResult">
        <include refid="selectGoodsCategoryVo"/>
        <where>
            <if test="categoryId != null ">and category_id = #{categoryId}</if>
            <if test="parentId != null ">and parent_id = #{parentId}</if>
            <if test="pic != null and pic != ''">and pic = #{pic}</if>
            <if test="name != null and name != ''">and name = #{name}</if>
            <if test="sort != null ">and sort = #{sort}</if>
            <if test="isRecommend != null ">and is_recommend = #{isRecommend}</if>
            <if test="type != null ">and type = #{type}</if>
            <if test="deleted != null">and deleted = #{deleted}</if>
            <if test="status != null ">and status = #{status}</if>
            <if test="createBy != null and createBy != ''">and create_by = #{createBy}</if>
            <if test="createTime != null ">and create_time = #{createTime}</if>
            <if test="updateBy != null and updateBy != ''">and update_by = #{updateBy}</if>
            <if test="updateTime != null ">and update_time = #{updateTime}</if>
        </where>
        <choose>
            <when test="orderField != null and orderField != ''">
                order by ${orderField}
            </when>
            <otherwise>
                order by create_time desc
            </otherwise>
        </choose>
    </select>


    <select id="selectGoodsCategoryById" parameterType="Long" resultMap="GoodsCategoryResult">
        <include refid="selectGoodsCategoryVo"/>
        where category_id = #{categoryId}
    </select>

    <insert id="insertGoodsCategory" parameterType="GoodsCategory">
        insert into goods_category (
							category_id, 
							parent_id, 
							pic, 
							name, 
							sort, 
							is_recommend, 
							type, 
							deleted, 
							status, 
							create_by, 
							create_time, 
							update_by, 
							update_time        )values(
			#{categoryId}, 
			#{parentId}, 
			#{pic}, 
			#{name}, 
			#{sort}, 
			#{isRecommend}, 
			#{type}, 
			0, 
			#{status}, 
			#{createBy}, 
			now(), 
			#{updateBy}, 
			#{updateTime}		)
    </insert>

    <update id="updateGoodsCategory" parameterType="GoodsCategory">
        update goods_category
        <set>
            <if test="parentId != null ">parent_id = #{parentId},</if>
            <if test="pic != null and pic != ''">pic = #{pic},</if>
            <if test="name != null and name != ''">name = #{name},</if>
            <if test="sort != null ">sort = #{sort},</if>
            <if test="isRecommend != null ">is_recommend = #{isRecommend},</if>
            <if test="type != null ">type = #{type},</if>
            <if test="deleted != null">deleted = #{deleted},</if>
            <if test="status != null ">status = #{status},</if>
            <if test="createBy != null and createBy != ''">create_by = #{createBy},</if>
            <if test="createTime != null ">create_time = #{createTime},</if>
            <if test="updateBy != null and updateBy != ''">update_by = #{updateBy},</if>
            <if test="updateTime != null ">update_time = #{updateTime}</if>
        </set>
        where category_id = #{categoryId}
    </update>

    <delete id="deleteGoodsCategoryById" parameterType="Long">
        delete from goods_category where category_id = #{categoryId}
    </delete>

    <delete id="deleteGoodsCategoryByIds" parameterType="String">
        delete from goods_category where category_id in
        <foreach item="categoryId" collection="array" open="(" separator="," close=")">
            #{categoryId}
        </foreach>
    </delete>

    <select id="selectGoodsCategoryNoParentList" resultMap="GoodsCategoryResult">
        <include refid="selectGoodsCategoryVo"/>
        WHERE
        parent_id is null or parent_id = 0 and deleted =0
    </select>
    <select id="categoryList" resultType="com.fmall.project.system.goods.domain.GoodsCategory">
        SELECT category_id categoryId,name,parent_id parentId,pic,status,deleted,create_by createBy,create_time
        createTime,update_by updateBy,update_time updateTime
        FROM goods_category
        <where>
            LENGTH(category_id) = 4
        </where>
    </select>
    <select id="selectgoodsCategoryByParentId" resultType="Integer" >
         select count(*) from goods_category where parent_id=#{categoryId}
    </select>
</mapper>