<?xml version="1.0" encoding="UTF-8" ?>
<!DOCTYPE mapper
        PUBLIC "-//mybatis.org//DTD Mapper 3.0//EN"
        "http://mybatis.org/dtd/mybatis-3-mapper.dtd">
<mapper namespace="com.fmall.project.system.goods.mapper.GoodsSupplierInfoMapper">

    <resultMap type="GoodsSupplierInfo" id="GoodsSupplierInfoResult">
        <result property="supplierId" column="supplier_id"/>
        <result property="supplierName" column="supplier_name"/>
        <result property="userName" column="user_name"/>
        <result property="phone" column="phone"/>
        <result property="addrCode" column="addr_code"/>
        <result property="detailedAddress" column="detailed_address"/>
        <result property="status" column="status"/>
        <result property="remark" column="remark"/>
        <result property="deleted" column="deleted"/>
        <result property="createBy" column="create_by"/>
        <result property="createTime" column="create_time"/>
        <result property="updateBy" column="update_by"/>
        <result property="updateTime" column="update_time"/>
    </resultMap>

    <sql id="selectGoodsSupplierInfoVo">
        select supplier_id, supplier_name, user_name, phone, addr_code, detailed_address, status, remark, deleted, create_by, create_time, update_by, update_time from goods_supplier_info
    </sql>

    <select id="selectGoodsSupplierInfoList" parameterType="GoodsSupplierInfo" resultMap="GoodsSupplierInfoResult">
        <include refid="selectGoodsSupplierInfoVo"/>
        <where>
            <if test="supplierId != null">and supplier_id = #{supplierId}</if>
            <if test="supplierName != null and supplierName != ''">and supplier_name = #{supplierName}</if>
            <if test="userName != null and userName != ''">and user_name = #{userName}</if>
            <if test="phone != null and phone != ''">and phone = #{phone}</if>
            <if test="addrCode != null and addrCode != ''">and addr_code = #{addrCode}</if>
            <if test="detailedAddress != null and detailedAddress != ''">and detailed_address = #{detailedAddress}</if>
            <if test="status != null">and status = #{status}</if>
            <if test="remark != null and remark != ''">and remark = #{remark}</if>
            <if test="deleted != null ">and deleted = #{deleted}</if>
            <if test="createBy != null and createBy != ''">and create_by = #{createBy}</if>
            <if test="createTime != null">and create_time = #{createTime}</if>
            <if test="updateBy != null and updateBy != ''">and update_by = #{updateBy}</if>
            <if test="updateTime != null">and update_time = #{updateTime}</if>
        </where>
        <choose>
            <when test="orderField != null and orderField != ''">
                order by ${orderField}
            </when>
            <otherwise>
                order by create_time desc
            </otherwise>
        </choose>
    </select>


    <select id="queryPageGoodsSupplierInfoList" parameterType="GoodsSupplierInfo" resultMap="GoodsSupplierInfoResult">
        <include refid="selectGoodsSupplierInfoVo"/>
        <where>
            <if test="supplierId != null ">and supplier_id = #{supplierId}</if>
            <if test="supplierName != null and supplierName != ''">
                and supplier_name like CONCAT('%',#{supplierName},'%')
            </if>
            <if test="userName != null and userName != ''">
                and user_name like CONCAT('%',#{userName},'%')
            </if>

            <if test="phone != null and phone != ''">
                and phone like CONCAT('%',#{phone},'%')
            </if>
            <if test="addrCode != null and addrCode != ''">and addr_code = #{addrCode}</if>
            <if test="detailedAddress != null and detailedAddress != ''">and detailed_address = #{detailedAddress}</if>
            <if test="status != null ">and status = #{status}</if>
            <if test="remark != null and remark != ''">and remark = #{remark}</if>
            <if test="deleted != null">and deleted = #{deleted}</if>
            <if test="createBy != null ">and create_by = #{createBy}</if>
            <if test="createTime != null ">and create_time = #{createTime}</if>
            <if test="updateBy != null ">and update_by = #{updateBy}</if>
            <if test="updateTime != null">and update_time = #{updateTime}</if>
        </where>
        <choose>
            <when test="orderField != null and orderField != ''">
                order by ${orderField}
            </when>
            <otherwise>
                order by create_time desc
            </otherwise>
        </choose>
    </select>


    <select id="selectGoodsSupplierInfoById" parameterType="Long" resultMap="GoodsSupplierInfoResult">
        <include refid="selectGoodsSupplierInfoVo"/>
        where supplier_id = #{supplierId}
    </select>

    <insert id="insertGoodsSupplierInfo" parameterType="GoodsSupplierInfo">
        insert into goods_supplier_info (
							supplier_id, 
							supplier_name, 
							user_name, 
							phone, 
							addr_code, 
							detailed_address, 
							status, 
							remark,
							deleted, 
							create_by, 
							create_time, 
							update_by, 
							update_time        )values(
			#{supplierId}, 
			#{supplierName}, 
			#{userName}, 
			#{phone}, 
			#{addrCode}, 
			#{detailedAddress}, 
			#{status}, 
			#{remark},
			0, 
			#{createBy}, 
			now(), 
			#{updateBy}, 
			#{updateTime}		)
    </insert>

    <update id="updateGoodsSupplierInfo" parameterType="GoodsSupplierInfo">
        update goods_supplier_info
        <set>
            <if test="supplierName != null and supplierName != ''">supplier_name = #{supplierName},</if>
            <if test="userName != null and userName != ''">user_name = #{userName},</if>
            <if test="phone != null and phone != ''">phone = #{phone},</if>
            <if test="addrCode != null and addrCode != ''">addr_code = #{addrCode},</if>
            <if test="detailedAddress != null and detailedAddress != ''">detailed_address = #{detailedAddress},</if>
            <if test="status != null ">status = #{status},</if>
            <if test="remark != null and remark != ''">remark = #{remark},</if>
            <if test="deleted != null ">deleted = #{deleted},</if>
            <if test="createBy != null and createBy != ''">create_by = #{createBy},</if>
            <if test="createTime != null ">create_time = #{createTime},</if>
            <if test="updateBy != null and updateBy != ''">update_by = #{updateBy},</if>
            <if test="updateTime != null ">update_time = #{updateTime}</if>
        </set>
        where supplier_id = #{supplierId}
    </update>

    <delete id="deleteGoodsSupplierInfoById" parameterType="Long">
        delete from goods_supplier_info where supplier_id = #{supplierId}
    </delete>

    <delete id="deleteGoodsSupplierInfoByIds" parameterType="String">
        delete from goods_supplier_info where supplier_id in
        <foreach item="supplierId" collection="array" open="(" separator="," close=")">
            #{supplierId}
        </foreach>
    </delete>

</mapper>