<?xml version="1.0" encoding="UTF-8" ?>
<!DOCTYPE mapper
        PUBLIC "-//mybatis.org//DTD Mapper 3.0//EN"
        "http://mybatis.org/dtd/mybatis-3-mapper.dtd">
<mapper namespace="com.fmall.project.system.goods.mapper.GoodsInfoMapper">

    <resultMap type="GoodsInfo" id="GoodsInfoResult">
        <result property="goodsId" column="goods_id"/>
        <result property="source" column="source"/>
        <result property="goodsName" column="goods_name"/>
        <result property="description" column="description"/>
        <result property="assessPrice" column="assess_price"/>
        <result property="costPrice" column="cost_price"/>
        <result property="logo" column="logo"/>
        <result property="headImage" column="head_image"/>
        <result property="userId" column="user_id"/>
        <result property="supplierId" column="supplier_id"/>
        <result property="mallOrderId" column="mall_order_id"/>
        <result property="supplier" column="supplier"/>
        <result property="inventory" column="inventory"/>
        <result property="soldNum" column="sold_num"/>
        <result property="upperTime" column="upper_time"/>
        <result property="status" column="status"/>
        <result property="mailingStatus" column="mailing_status"/>
        <result property="categoryId" column="category_id"/>
        <result property="deleted" column="deleted"/>
        <result property="createBy" column="create_by"/>
        <result property="createTime" column="create_time"/>
        <result property="updateBy" column="update_by"/>
        <result property="updateTime" column="update_time"/>
        <result property="goodsUrl" column="goodsUrl"/>
        <result property="maxPrice" column="maxPrice"/>
        <result property="ratio" column="ratio"/>
    </resultMap>

    <sql id="selectGoodsInfoVo">
        select goods_id, source, goods_name, description, assess_price, cost_price, logo, head_image, user_id, supplier_id, mall_order_id, supplier, inventory, sold_num, upper_time, status, mailing_status, category_id, deleted, create_by, create_time, update_by, update_time,goodsUrl,maxPrice,ratio from goods_info
    </sql>

    <select id="selectGoodsInfoList" parameterType="GoodsInfo" resultMap="GoodsInfoResult">
        <include refid="selectGoodsInfoVo"/>
        <where>
            inventory - sold_num <![CDATA[ >  ]]> 0
            <if test="goodsId != null ">and goods_id = #{goodsId}</if>
            <if test="source != null ">and source = #{source}</if>
            <if test="goodsName != null and goodsName != ''">and goods_name = #{goodsName}</if>
            <if test="description != null and description != ''">and description = #{description}</if>
            <if test="assessPrice != null and assessPrice != ''">and assess_price = #{assessPrice}</if>
            <if test="costPrice != null and costPrice != ''">and cost_price = #{costPrice}</if>
            <if test="maxPrice != null and maxPrice != ''">and maxPrice = #{maxPrice}</if>
            <if test="logo != null and logo != ''">and logo = #{logo}</if>
            <if test="headImage != null and headImage != ''">and head_image = #{headImage}</if>
            <if test="userId != null ">and user_id = #{userId}</if>
            <if test="ratio != null ">and ratio = #{ratio}</if>
            <if test="supplierId != null ">and supplier_id = #{supplierId}</if>
            <if test="mallOrderId != null ">and mall_order_id = #{mallOrderId}</if>
            <if test="supplier != null and supplier != ''">and supplier = #{supplier}</if>
            <if test="inventory != null ">and inventory = #{inventory}</if>
            <if test="soldNum != null ">and sold_num = #{soldNum}</if>
            <if test="upperTime != null ">and upper_time = #{upperTime}</if>
            <if test="status != null ">and status = #{status}</if>
            <if test="mailingStatus != null ">and mailing_status = #{mailingStatus}</if>
            <if test="categoryId != null ">and category_id = #{categoryId}</if>
            <if test="deleted != null ">and deleted = #{deleted}</if>
            <if test="createBy != null and createBy != ''">and create_by = #{createBy}</if>
            <if test="createTime != null ">and create_time = #{createTime}</if>
            <if test="updateBy != null and updateBy != ''">and update_by = #{updateBy}</if>
            <if test="goodsUrl != null and goodsUrl != ''">and goodsUrl = #{goodsUrl}</if>
            <if test="updateTime != null ">and update_time = #{updateTime}</if>
        </where>
        <choose>
            <when test="orderField != null and orderField != ''">
                order by ${orderField}
            </when>
            <otherwise>
                order by category_id desc , create_time desc
            </otherwise>
        </choose>
    </select>


    <select id="queryPageGoodsInfoList" parameterType="GoodsInfo" resultMap="GoodsInfoResult">
        <include refid="selectGoodsInfoVo"/>
        <where>
            <if test="goodsName != null and goodsName != ''">
                AND goods_name like concat('%', #{goodsName}, '%')
            </if>
            <if test="goodsId != null ">and goods_id = #{goodsId}</if>
            <if test="source != null ">and source = #{source}</if>
            <if test="description != null and description != ''">and description = #{description}</if>
            <if test="assessPrice != null and assessPrice != ''">and assess_price = #{assessPrice}</if>
            <if test="costPrice != null and costPrice != ''">and cost_price = #{costPrice}</if>
            <if test="maxPrice != null and maxPrice != ''">and maxPrice = #{maxPrice}</if>
            <if test="logo != null and logo != ''">and logo = #{logo}</if>
            <if test="headImage != null and headImage != ''">and head_image = #{headImage}</if>
            <if test="userId != null ">and user_id = #{userId}</if>
            <if test="supplierId != null ">and supplier_id = #{supplierId}</if>
            <if test="mallOrderId != null ">and mall_order_id = #{mallOrderId}</if>
            <if test="supplier != null and supplier != ''">and supplier = #{supplier}</if>
            <if test="inventory != null ">and inventory = #{inventory}</if>
            <if test="soldNum != null ">and sold_num = #{soldNum}</if>
            <if test="ratio != null ">and ratio = #{ratio}</if>
            <if test="upperTime != null ">and upper_time = #{upperTime}</if>
            <if test="status != null ">and status = #{status}</if>
            <if test="mailingStatus != null ">and mailing_status = #{mailingStatus}</if>
            <if test="categoryId != null ">and category_id = #{categoryId}</if>
            <if test="deleted != null ">and deleted = #{deleted}</if>
            <if test="createBy != null and createBy != ''">and create_by = #{createBy}</if>
            <if test="createTime != null ">and create_time = #{createTime}</if>
            <if test="updateBy != null and updateBy != ''">and update_by = #{updateBy}</if>
            <if test="goodsUrl != null and goodsUrl != ''">and goodsUrl = #{goodsUrl}</if>
            <if test="updateTime != null ">and update_time = #{updateTime}</if>
        </where>
        <choose>
            <when test="orderField != null and orderField != ''">
                order by ${orderField}
            </when>
            <otherwise>
                order by create_time desc
            </otherwise>
        </choose>
    </select>


    <select id="selectGoodsInfoById" parameterType="Long" resultMap="GoodsInfoResult">
        <include refid="selectGoodsInfoVo"/>
         where 
        goods_id = #{goodsId}
    </select>

    <insert id="insertGoodsInfo" parameterType="GoodsInfo">
        <selectKey resultType="Long" keyProperty="goodsId">
            SELECT LAST_INSERT_ID()
        </selectKey>
        insert into goods_info (
        goods_id,
        source,
        goods_name,
        description,
        assess_price,
        cost_price,
        maxPrice,
        logo,
        head_image,
        user_id,
        supplier_id,
        mall_order_id,
        supplier,
        inventory,
        sold_num,
        upper_time,
        status,
        mailing_status,
        category_id,
        deleted,
        create_by,
        create_time,
        update_by,
        goodsUrl,
        ratio,
        update_time )values(
        #{goodsId},
        #{source},
        #{goodsName},
        #{description},
        #{assessPrice},
        #{costPrice},
        #{maxPrice},
        #{logo},
        #{headImage},
        #{userId},
        #{supplierId},
        #{mallOrderId},
        #{supplier},
        #{inventory},
        #{soldNum},
        #{upperTime},
        #{status},
        #{mailingStatus},
        #{categoryId},
        0,
        #{createBy},
        now(),
        #{updateBy},
        #{goodsUrl},
        #{ratio},
        #{updateTime} )
    </insert>

    <update id="updateGoodsInfo" parameterType="GoodsInfo">
        update goods_info
        <set>
            <if test="source != null ">source = #{source},</if>
            <if test="goodsName != null and goodsName != ''">goods_name = #{goodsName},</if>
            <if test="description != null and description != ''">description = #{description},</if>
            <if test="assessPrice != null and assessPrice != ''">assess_price = #{assessPrice},</if>
            <if test="costPrice != null and costPrice != ''">cost_price = #{costPrice},</if>
            <if test="maxPrice != null and maxPrice != ''">maxPrice = #{maxPrice},</if>
            <if test="logo != null and logo != ''">logo = #{logo},</if>
            <if test="headImage != null and headImage != ''">head_image = #{headImage},</if>
            <if test="userId != null ">user_id = #{userId},</if>
            <if test="supplierId != null ">supplier_id = #{supplierId},</if>
            <if test="mallOrderId != null ">mall_order_id = #{mallOrderId},</if>
            <if test="supplier != null and supplier != ''">supplier = #{supplier},</if>
            <if test="inventory != null ">inventory = #{inventory},</if>
            <if test="soldNum != null ">sold_num = #{soldNum},</if>
            <if test="upperTime != null ">upper_time = #{upperTime},</if>
            <if test="status != null ">status = #{status},</if>
            <if test="mailingStatus != null ">mailing_status = #{mailingStatus},</if>
            <if test="categoryId != null ">category_id = #{categoryId},</if>
            <if test="deleted != null ">deleted = #{deleted},</if>
            <if test="ratio != null ">ratio = #{ratio},</if>
            <if test="createBy != null and createBy != ''">create_by = #{createBy},</if>
            <if test="createTime != null ">create_time = #{createTime},</if>
            <if test="updateBy != null and updateBy != ''">update_by = #{updateBy},</if>
            <if test="goodsUrl != null and goodsUrl != ''">goodsUrl = #{goodsUrl},</if>
            <if test="updateTime != null ">update_time = #{updateTime}</if>
        </set>
        where goods_id = #{goodsId}
    </update>

    <delete id="deleteGoodsInfoById" parameterType="Long">
        delete from goods_info where goods_id = #{goodsId}
    </delete>

    <delete id="deleteGoodsInfoByIds" parameterType="String">
        delete from goods_info where goods_id in
        <foreach item="goodsId" collection="array" open="(" separator="," close=")">
            #{goodsId}
        </foreach>
    </delete>

</mapper>