<?xml version="1.0" encoding="UTF-8" ?>
<!DOCTYPE mapper
        PUBLIC "-//mybatis.org//DTD Mapper 3.0//EN"
        "http://mybatis.org/dtd/mybatis-3-mapper.dtd">
<mapper namespace="com.fmall.project.system.lepai.mapper.LepaiCarrierMapper">

    <resultMap type="LepaiCarrier" id="LepaiCarrierResult">
        <result property="carrierId" column="carrier_id"/>
        <result property="name" column="name"/>
        <result property="no" column="no"/>
        <result property="deleted" column="deleted"/>
        <result property="status" column="status"/>
        <result property="createBy" column="create_by"/>
        <result property="createTime" column="create_time"/>
        <result property="updateBy" column="update_by"/>
        <result property="updateTime" column="update_time"/>
    </resultMap>

    <sql id="selectLepaiCarrierVo">
        select carrier_id, name, no, deleted, status, create_by, create_time, update_by, update_time from lepai_carrier
    </sql>

    <select id="selectLepaiCarrierList" parameterType="LepaiCarrier" resultMap="LepaiCarrierResult">
        <include refid="selectLepaiCarrierVo"/>
        <where>
            <if test="carrierId != null ">and carrier_id = #{carrierId}</if>
            <if test="name != null and name != ''">and name = #{name}</if>
            <if test="no != null and no != ''">and no = #{no}</if>
            <if test="deleted != null ">and deleted = #{deleted}</if>
            <if test="status != null ">and status = #{status}</if>
            <if test="createBy != null ">and create_by = #{createBy}</if>
            <if test="createTime != null ">and create_time = #{createTime}</if>
            <if test="updateBy != null ">and update_by = #{updateBy}</if>
            <if test="updateTime != null ">and update_time = #{updateTime}</if>
        </where>
        <if test="orderField != null and orderField != ''">
            order by ${orderField}
        </if>
    </select>


    <select id="queryPageLepaiCarrierList" parameterType="LepaiCarrier" resultMap="LepaiCarrierResult">
        <include refid="selectLepaiCarrierVo"/>
        <where>
            <if test="carrierId != null ">and carrier_id = #{carrierId}</if>
            <if test="name != null and name != ''">and name = #{name}</if>
            <if test="no != null and no != ''">and no = #{no}</if>
            <if test="deleted != null ">and deleted = #{deleted}</if>
            <if test="status != null ">and status = #{status}</if>
            <if test="createBy != null ">and create_by = #{createBy}</if>
            <if test="createTime != null ">and create_time = #{createTime}</if>
            <if test="updateBy != null ">and update_by = #{updateBy}</if>
            <if test="updateTime != null ">and update_time = #{updateTime}</if>
        </where>
        <if test="orderField != null and orderField != ''">
            order by ${orderField}
        </if>
    </select>


    <select id="selectLepaiCarrierById" parameterType="Long" resultMap="LepaiCarrierResult">
        <include refid="selectLepaiCarrierVo"/>
        where carrier_id = #{carrierId}
    </select>
    <select id="selectOneByQuery" parameterType="LepaiCarrier"
            resultType="com.fmall.project.system.lepai.domain.LepaiCarrier">
        <include refid="selectLepaiCarrierVo"/>
        <where>
            <if test="carrierId != null ">and carrier_id = #{carrierId}</if>
            <if test="name != null and name != ''">and name = #{name}</if>
            <if test="no != null and no != ''">and no = #{no}</if>
            <if test="deleted != null ">and deleted = #{deleted}</if>
            <if test="status != null ">and status = #{status}</if>
            <if test="createBy != null ">and create_by = #{createBy}</if>
            <if test="createTime != null ">and create_time = #{createTime}</if>
            <if test="updateBy != null ">and update_by = #{updateBy}</if>
            <if test="updateTime != null ">and update_time = #{updateTime}</if>
        </where>
        limit 1
    </select>

    <insert id="insertLepaiCarrier" parameterType="LepaiCarrier">
        insert into lepai_carrier (
							carrier_id, 
							name, 
							no, 
							deleted, 
							status, 
							create_by, 
							create_time, 
							update_by, 
							update_time        )values(
			#{carrierId}, 
			#{name}, 
			#{no}, 
			#{deleted}, 
			#{status}, 
			#{createBy}, 
			#{createTime}, 
			#{updateBy}, 
			#{updateTime}		)
    </insert>

    <update id="updateLepaiCarrier" parameterType="LepaiCarrier">
        update lepai_carrier
        <set>
            <if test="name != null and name != ''">name = #{name},</if>
            <if test="no != null and no != ''">no = #{no},</if>
            <if test="deleted != null ">deleted = #{deleted},</if>
            <if test="status != null ">status = #{status},</if>
            <if test="createBy != null ">create_by = #{createBy},</if>
            <if test="createTime != null ">create_time = #{createTime},</if>
            <if test="updateBy != null ">update_by = #{updateBy},</if>
            <if test="updateTime != null ">update_time = #{updateTime}</if>
        </set>
        where carrier_id = #{carrierId}
    </update>

    <delete id="deleteLepaiCarrierById" parameterType="Long">
        delete from lepai_carrier where carrier_id = #{carrierId}
    </delete>

    <delete id="deleteLepaiCarrierByIds" parameterType="String">
        delete from lepai_carrier where carrier_id in
        <foreach item="carrierId" collection="array" open="(" separator="," close=")">
            #{carrierId}
        </foreach>
    </delete>

</mapper>