<?xml version="1.0" encoding="UTF-8" ?>
<!DOCTYPE mapper
        PUBLIC "-//mybatis.org//DTD Mapper 3.0//EN"
        "http://mybatis.org/dtd/mybatis-3-mapper.dtd">
<mapper namespace="com.fmall.project.system.lepaiReportdata.mapper.LepaiReportdataMapper">

    <resultMap type="LepaiReportdata" id="LepaiReportdataResult">
        <result property="reportDataId" column="reportDataId"/>
        <result property="visitor" column="visitor"/>
        <result property="amount" column="amount"/>
        <result property="amountCount" column="amountCount"/>
        <result property="newMember" column="newMember"/>
        <result property="realNameMember" column="realNameMember"/>
        <result property="lepaiOrder" column="lepaiOrder"/>
        <result property="lepaiOrderCount" column="lepaiOrderCount"/>
        <result property="mailOrder" column="mailOrder"/>
        <result property="mailOrderCount" column="mailOrderCount"/>
        <result property="flowInto" column="flowInto"/>
        <result property="flowOut" column="flowOut"/>
        <result property="sightseer" column="sightseer"/>
        <result property="subsidy" column="subsidy"/>
        <result property="createDate" column="createDate"/>
        <result property="updateDate" column="updateDate"/>
        <result property="enable" column="enable"/>
        <result property="deleted" column="deleted"/>
    </resultMap>

    <sql id="selectLepaiReportdataVo">
        select reportDataId, visitor, newMember,sightseer, realNameMember,
         lepaiOrder,
         lepaiOrderCount,
          mailOrder,
          mailOrderCount,
         amount,
         amountCount,
          flowInto,
          flowOut,
           subsidy, createDate, updateDate, enable, deleted from lepai_reportData
    </sql>

    <select id="selectLepaiReportdataList" parameterType="LepaiReportdata" resultMap="LepaiReportdataResult">
        <include refid="selectLepaiReportdataVo"/>
        <where>
            <if test="reportDataId != null ">and reportDataId = #{reportDataId}</if>
            <if test="visitor != null ">and visitor = #{visitor}</if>
            <if test="sightseer != null ">and sightseer = #{sightseer}</if>
            <if test="newMember != null ">and newMember = #{newMember}</if>
            <if test="realNameMember != null ">and realNameMember = #{realNameMember}</if>
            <if test="lepaiOrder != null ">and lepaiOrder = #{lepaiOrder}</if>
            <if test="lepaiOrderCount != null ">and lepaiOrderCount = #{lepaiOrderCount}</if>
            <if test="mailOrder != null ">and mailOrder = #{mailOrder}</if>
            <if test="mailOrderCount != null ">and mailOrderCount = #{mailOrderCount}</if>
            <if test="amount != null ">and amount = #{amount}</if>
            <if test="amountCount != null ">and amountCount = #{amountCount}</if>
            <if test="flowInto != null ">and flowInto = #{flowInto}</if>
            <if test="flowOut != null ">and flowOut = #{flowOut}</if>
            <if test="subsidy != null ">and subsidy = #{subsidy}</if>
            <if test="createDate != null ">and createDate = #{createDate}</if>
            <if test="updateDate != null ">and updateDate = #{updateDate}</if>
            <if test="enable != null and enable != ''">and enable = #{enable}</if>
            <if test="deleted != null ">and deleted = #{deleted}</if>
        </where>
        <if test="orderField != null and orderField != ''">
            order by ${orderField}
        </if>
    </select>


    <select id="queryPageLepaiReportdataList" parameterType="LepaiReportdata" resultMap="LepaiReportdataResult">
        <include refid="selectLepaiReportdataVo"/>
        <where>
            <if test="reportDataId != null ">and reportDataId = #{reportDataId}</if>
            <if test="visitor != null ">and visitor = #{visitor}</if>
            <if test="sightseer != null ">and sightseer = #{sightseer}</if>
            <if test="newMember != null ">and newMember = #{newMember}</if>
            <if test="realNameMember != null ">and realNameMember = #{realNameMember}</if>
            <if test="lepaiOrder != null ">and lepaiOrder = #{lepaiOrder}</if>
            <if test="lepaiOrderCount != null ">and lepaiOrderCount = #{lepaiOrderCount}</if>
            <if test="mailOrder != null ">and mailOrder = #{mailOrder}</if>
            <if test="mailOrderCount != null ">and mailOrderCount = #{mailOrderCount}</if>
            <if test="amount != null ">and amount = #{amount}</if>
            <if test="amountCount != null ">and amountCount = #{amountCount}</if>
            <if test="flowInto != null ">and flowInto = #{flowInto}</if>
            <if test="flowOut != null ">and flowOut = #{flowOut}</if>
            <if test="subsidy != null ">and subsidy = #{subsidy}</if>
            <if test="createDate != null ">and createDate = #{createDate}</if>
            <if test="updateDate != null ">and updateDate = #{updateDate}</if>
            <if test="enable != null ">and enable = #{enable}</if>
            <if test="deleted != null ">and deleted = #{deleted}</if>
        </where>
        <if test="orderField != null and orderField != ''">
            order by ${orderField}
        </if>
    </select>
    <select id="selectLepaiReportdataById" parameterType="Integer" resultMap="LepaiReportdataResult">
        <include refid="selectLepaiReportdataVo"/>
        where reportDataId = #{reportDataId}
    </select>
    <select id="selectLepaiReportdataLast" resultMap="LepaiReportdataResult">
        <include refid="selectLepaiReportdataVo"/>
        order by createDate desc limit 1
    </select>

    <select id="selectLepaiReportdataByTime"
            resultType="com.fmall.project.system.lepaiReportdata.domain.LepaiReportdata">
        SELECT
            reportDataId,
           IFNULL( visitor, 0 ) as visitor,
           IFNULL( newMember, 0 ) as newMember,
           IFNULL( sightseer, 0 ) as sightseer,
           IFNULL( realNameMember, 0 ) as realNameMember,
           IFNULL( lepaiOrder, 0 ) as lepaiOrder,
           IFNULL( lepaiOrderCount, 0 ) as lepaiOrderCount,
           IFNULL( mailOrder, 0 ) as mailOrder,
           IFNULL( mailOrderCount, 0 ) as mailOrderCount,
           IFNULL( amount, 0 ) as amount,
           IFNULL( amountCount, 0 ) as amountCount,
            IFNULL(
            (
            IFNULL( lepaiOrder, 0 ) + IFNULL( mailOrder, 0 ) + IFNULL( amount, 0 )
            ),
            0
            ) as flowInto,
            IFNULL( flowOut , 0 ) as flowOut,
             IFNULL( subsidy, 0 ) as subsidy,
            createDate,
            updateDate,
            ENABLE,
            deleted
        FROM
            lepai_reportData
        where createDate BETWEEN #{startTime} and #{endTime} order by reportDataId desc limit 1
    </select>
    <select id="selectLepaiReportdataByDays"
            resultType="com.fmall.project.system.lepaiReportdata.domain.LepaiReportdata">
        SELECT
	IFNULL( SUM( visitor ), 0 ) AS visitor,
	IFNULL( SUM( sightseer ), 0 ) AS sightseer,
	IFNULL( SUM( newMember ), 0 ) AS newMember,
	IFNULL( SUM( realNameMember ), 0 ) AS realNameMember,
	IFNULL( SUM( lepaiOrder ), 0 ) AS lepaiOrder,
	IFNULL( SUM( lepaiOrderCount ), 0 ) AS lepaiOrderCount,
	IFNULL( SUM( mailOrder ), 0 ) AS mailOrder,
	IFNULL( SUM( mailOrderCount ), 0 ) AS mailOrderCount,
	IFNULL( SUM( flowOut ), 0 ) AS flowOut,
	IFNULL( SUM( amount ), 0 ) AS amount,
	IFNULL( SUM( amountCount ), 0 ) AS amountCount,
	IFNULL( (
	IFNULL( SUM( lepaiOrder ), 0 ) + IFNULL( SUM( mailOrder ), 0 ) + IFNULL( SUM( amount ), 0 )
	), 0 )
	 AS flowInto,
	IFNULL( SUM( subsidy ), 0 ) AS subsidy
    FROM
        lepai_reportData
    where  createDate BETWEEN #{startTime} and #{endTime} and deleted = 0
    </select>
    <select id="selectLepaiReportdataSum" resultType="java.math.BigDecimal">
        SELECT
	IFNULL( (
	IFNULL( SUM( lepaiOrder ), 0 ) + IFNULL( SUM( mailOrder ), 0 ) + IFNULL( SUM( amount ), 0 )
	), 0 )
	 AS flowInto
    FROM
        lepai_reportData
    where   deleted = 0
    </select>

    <insert id="insertLepaiReportdata" parameterType="LepaiReportdata">
        insert into lepai_reportData (
							reportDataId, 
							visitor, 
							sightseer,
							newMember,
							realNameMember, 
							lepaiOrder, 
							lepaiOrderCount,
							mailOrder,
							mailOrderCount,
							amount,
							amountCount,
							flowInto,
							flowOut,
							subsidy,
							createDate, 
							updateDate, 
							enable, 
							deleted        )values(
			#{reportDataId}, 
			#{visitor}, 
			#{sightseer},
			#{newMember},
			#{realNameMember}, 
			#{lepaiOrder}, 
			#{lepaiOrderCount},
			#{mailOrder},
			#{mailOrderCount},
			#{amount},
			#{amountCount},
			#{flowInto},
			#{flowOut},
			#{subsidy},
			#{createDate}, 
			#{updateDate}, 
			#{enable}, 
			#{deleted}		)
    </insert>

    <update id="updateLepaiReportdata" parameterType="LepaiReportdata">
        update lepai_reportData
        <set>
            <if test="visitor != null ">visitor = #{visitor},</if>
            <if test="sightseer != null ">sightseer = #{sightseer},</if>
            <if test="newMember != null ">newMember = #{newMember},</if>
            <if test="realNameMember != null ">realNameMember = #{realNameMember},</if>
            <if test="lepaiOrder != null ">lepaiOrder = #{lepaiOrder},</if>
            <if test="lepaiOrderCount != null ">lepaiOrderCount = #{lepaiOrderCount},</if>
            <if test="mailOrder != null ">mailOrder = #{mailOrder},</if>
            <if test="mailOrderCount != null ">mailOrderCount = #{mailOrderCount},</if>
            <if test="amount != null ">amount = #{amount},</if>
            <if test="amountCount != null ">amountCount = #{amountCount},</if>
            <if test="flowInto != null ">flowInto = #{flowInto},</if>
            <if test="flowOut != null ">flowOut = #{flowOut},</if>
            <if test="subsidy != null ">subsidy = #{subsidy},</if>
            <if test="createDate != null ">createDate = #{createDate},</if>
            <if test="updateDate != null ">updateDate = #{updateDate},</if>
            <if test="enable != null and enable != ''">enable = #{enable},</if>
            <if test="deleted != null ">deleted = #{deleted}</if>
        </set>
        where reportDataId = #{reportDataId}
    </update>

    <delete id="deleteLepaiReportdataById" parameterType="Integer">
        delete from lepai_reportData where reportDataId = #{reportDataId}
    </delete>

    <delete id="deleteLepaiReportdataByIds" parameterType="String">
        delete from lepai_reportData where reportDataId in
        <foreach item="reportDataId" collection="array" open="(" separator="," close=")">
            #{reportDataId}
        </foreach>
    </delete>

</mapper>