<?xml version="1.0" encoding="UTF-8" ?>
<!DOCTYPE mapper
PUBLIC "-//mybatis.org//DTD Mapper 3.0//EN"
"http://mybatis.org/dtd/mybatis-3-mapper.dtd">
<mapper namespace="com.fmall.project.system.lepaiLotteryRecord.mapper.LepaiLotteryRecordMapper">
    
    <resultMap type="LepaiLotteryRecord" id="LepaiLotteryRecordResult">
        <result property="lotteryRecordId"    column="lotteryRecordId"    />
        <result property="userId"    column="userId"    />
        <result property="lotteryId"    column="lotteryId"    />
        <result property="goodsId"    column="goodsId"    />
        <result property="userName"    column="userName"    />
        <result property="userImage"    column="userImage"    />
        <result property="lotteryRecordNo"    column="lotteryRecordNo"    />
        <result property="deleted"    column="deleted"    />
        <result property="createTime"    column="createTime"    />
        <result property="updateTime"    column="updateTime"    />
        <result property="createTimes"    column="createTimes"    />
    </resultMap>
	
	<sql id="selectLepaiLotteryRecordVo">
        select lotteryRecordId, userId, lotteryId, goodsId, userName, userImage, lotteryRecordNo, deleted, createTime, updateTime,createTimes from lepai_lottery_record
    </sql>
	
    <select id="selectLepaiLotteryRecordList" parameterType="LepaiLotteryRecord" resultMap="LepaiLotteryRecordResult">
        <include refid="selectLepaiLotteryRecordVo"/>
        <where>  
            <if test="lotteryRecordId != null "> and lotteryRecordId = #{lotteryRecordId}</if>
             <if test="userId != null "> and userId = #{userId}</if>
             <if test="lotteryId != null "> and lotteryId = #{lotteryId}</if>
             <if test="goodsId != null "> and goodsId = #{goodsId}</if>
             <if test="userName != null and userName != ''"> and userName = #{userName}</if>
             <if test="userImage != null and userImage != ''"> and userImage = #{userImage}</if>
             <if test="lotteryRecordNo != null "> and lotteryRecordNo = #{lotteryRecordNo}</if>
             <if test="deleted != null "> and deleted = #{deleted}</if>
             <if test="createTime != null "> and createTime = #{createTime}</if>
             <if test="updateTime != null "> and updateTime = #{updateTime}</if>
         </where>
        <if test="orderField != null and orderField != ''">
			order by  ${orderField}  
		 </if>
    </select>
    
    
     <select id="queryPageLepaiLotteryRecordList" parameterType="LepaiLotteryRecord" resultMap="LepaiLotteryRecordResult">
        <include refid="selectLepaiLotteryRecordVo"/>
        <where>  
            <if test="lotteryRecordId != null "> and lotteryRecordId = #{lotteryRecordId}</if>
             <if test="userId != null "> and userId = #{userId}</if>
             <if test="lotteryId != null "> and lotteryId = #{lotteryId}</if>
             <if test="goodsId != null "> and goodsId = #{goodsId}</if>
             <if test="userName != null and userName != ''">
                AND userName like concat('%', #{userName}, '%')
            </if>
             <if test="userImage != null and userImage != ''"> and userImage = #{userImage}</if>
             <if test="lotteryRecordNo != null "> and lotteryRecordNo = #{lotteryRecordNo}</if>
             <if test="deleted != null "> and deleted = #{deleted}</if>
             <if test="createTime != null "> and createTime = #{createTime}</if>
             <if test="updateTime != null "> and updateTime = #{updateTime}</if>
         </where>
        <if test="orderField != null and orderField != ''">
			order by  ${orderField}  
		 </if>
    </select>
    
    
    <select id="selectLepaiLotteryRecordById" parameterType="Long" resultMap="LepaiLotteryRecordResult">
        <include refid="selectLepaiLotteryRecordVo"/>
        where lotteryRecordId = #{lotteryRecordId}
    </select>
        
    <insert id="insertLepaiLotteryRecord" parameterType="LepaiLotteryRecord">
    <selectKey resultType="Long" keyProperty="lotteryRecordId" >
			SELECT LAST_INSERT_ID()
		</selectKey>
        insert into lepai_lottery_record (
							lotteryRecordId, 
							userId, 
							lotteryId, 
							goodsId, 
							userName, 
							userImage, 
							lotteryRecordNo, 
							deleted, 
							createTime, 
							createTimes, 
							updateTime        )values(
			#{lotteryRecordId}, 
			#{userId}, 
			#{lotteryId}, 
			#{goodsId}, 
			#{userName}, 
			#{userImage}, 
			#{lotteryRecordNo}, 
			#{deleted}, 
			#{createTime}, 
			#{createTimes}, 
			#{updateTime}		)
    </insert>
	 
    <update id="updateLepaiLotteryRecord" parameterType="LepaiLotteryRecord">
        update lepai_lottery_record 
        <set>
            <if test="userId != null ">userId = #{userId}, </if>
            <if test="lotteryId != null ">lotteryId = #{lotteryId}, </if>
            <if test="goodsId != null ">goodsId = #{goodsId}, </if>
            <if test="userName != null and userName != ''">userName = #{userName}, </if>
            <if test="userImage != null and userImage != ''">userImage = #{userImage}, </if>
            <if test="lotteryRecordNo != null ">lotteryRecordNo = #{lotteryRecordNo}, </if>
            <if test="deleted != null ">deleted = #{deleted}, </if>
            <if test="createTime != null ">createTime = #{createTime}, </if>
            <if test="updateTime != null ">updateTime = #{updateTime}</if>
        </set>
        where lotteryRecordId = #{lotteryRecordId}
    </update>
	
	<delete id="deleteLepaiLotteryRecordById" parameterType="Long">
        delete from lepai_lottery_record where lotteryRecordId = #{lotteryRecordId}
    </delete>
	
    <delete id="deleteLepaiLotteryRecordByIds" parameterType="String">
        delete from lepai_lottery_record where lotteryRecordId in 
        <foreach item="lotteryRecordId" collection="array" open="(" separator="," close=")">
            #{lotteryRecordId}
        </foreach>
    </delete>
    
    <select id="selectLepaiLotteryRecordLimitOne" parameterType="LepaiLotteryRecord" resultMap="LepaiLotteryRecordResult">
        <include refid="selectLepaiLotteryRecordVo"/>
        <where>  
            <if test="lotteryRecordId != null"> and lotteryRecordId = #{lotteryRecordId}</if>
             <if test="userId != null"> and userId = #{userId}</if>
             <if test="lotteryId != null"> and lotteryId = #{lotteryId}</if>
             <if test="goodsId != null"> and goodsId = #{goodsId}</if>
             <if test="userName != null and userName != ''"> and userName = #{userName}</if>
             <if test="userImage != null and userImage != ''"> and userImage = #{userImage}</if>
             <if test="lotteryRecordNo != null"> and lotteryRecordNo = #{lotteryRecordNo}</if>
             <if test="deleted != null "> and deleted = #{deleted}</if>
             <if test="createTime != null "> and createTime = #{createTime}</if>
             <if test="updateTime != null "> and updateTime = #{updateTime}</if>
         </where>
        order by createTime desc limit 1
    </select>
    
    <select id="selectAllTimes" parameterType="LepaiLotteryRecord" resultType="Long">
        select sum(createTimes)  from lepai_lottery_record
        <where>  
            <if test="lotteryRecordId != null "> and lotteryRecordId = #{lotteryRecordId}</if>
             <if test="userId != null "> and userId = #{userId}</if>
             <if test="lotteryId != null "> and lotteryId = #{lotteryId}</if>
             <if test="goodsId != null "> and goodsId = #{goodsId}</if>
             <if test="userName != null and userName != ''"> and userName = #{userName}</if>
             <if test="userImage != null and userImage != ''"> and userImage = #{userImage}</if>
             <if test="lotteryRecordNo != null "> and lotteryRecordNo = #{lotteryRecordNo}</if>
             <if test="deleted != null "> and deleted = #{deleted}</if>
             <if test="endTime != null "> and createTime <![CDATA[<=]]> #{endTime}</if>
             <if test="updateTime != null "> and updateTime = #{updateTime}</if>
         </where>
        limit 100
    </select>
    
    <select id="selectUserLotteryCount" parameterType="LepaiLotteryRecord" resultType="Integer">
        select count(1)  from lepai_lottery_record
        <where>  
            <if test="lotteryRecordId != null "> and lotteryRecordId = #{lotteryRecordId}</if>
             <if test="userId != null "> and userId = #{userId}</if>
             <if test="lotteryId != null "> and lotteryId = #{lotteryId}</if>
             <if test="goodsId != null "> and goodsId = #{goodsId}</if>
             <if test="userName != null and userName != ''"> and userName = #{userName}</if>
             <if test="userImage != null and userImage != ''"> and userImage = #{userImage}</if>
             <if test="lotteryRecordNo != null "> and lotteryRecordNo = #{lotteryRecordNo}</if>
             <if test="deleted != null "> and deleted = #{deleted}</if>
             <if test="createTime != null "> and createTime <![CDATA[<=]]> #{endTime}</if>
             <if test="updateTime != null "> and updateTime = #{updateTime}</if>
         </where>
    </select>
    
    <select id="queryPageLepaiLotteryListForCalculate" parameterType="LepaiLotteryRecord" resultMap="LepaiLotteryRecordResult">
        <include refid="selectLepaiLotteryRecordVo"/>
        <where>  
            <if test="lotteryRecordId != null "> and lotteryRecordId = #{lotteryRecordId}</if>
             <if test="userId != null "> and userId = #{userId}</if>
             <if test="lotteryId != null "> and lotteryId = #{lotteryId}</if>
             <if test="goodsId != null "> and goodsId = #{goodsId}</if>
             <if test="userName != null and userName != ''"> and userName = #{userName}</if>
             <if test="userImage != null and userImage != ''"> and userImage = #{userImage}</if>
             <if test="lotteryRecordNo != null "> and lotteryRecordNo = #{lotteryRecordNo}</if>
             <if test="deleted != null "> and deleted = #{deleted}</if>
             <if test="endTime != null "> and createTime <![CDATA[<=]]> #{endTime}</if>
             <if test="updateTime != null "> and updateTime = #{updateTime}</if>
         </where>
         order by createTime desc 
    </select>
    
     <select id="queryPageDistinctLotteryRecordList" parameterType="LepaiLotteryRecord" resultMap="LepaiLotteryRecordResult">
        <include refid="selectLepaiLotteryRecordVo"/>
        <where>  
            <if test="lotteryRecordId != null "> and lotteryRecordId = #{lotteryRecordId}</if>
             <if test="userId != null "> and userId = #{userId}</if>
             <if test="lotteryId != null "> and lotteryId = #{lotteryId}</if>
             <if test="goodsId != null "> and goodsId = #{goodsId}</if>
             <if test="userName != null and userName != ''">
                AND userName like concat('%', #{userName}, '%')
            </if>
             <if test="userImage != null and userImage != ''"> and userImage = #{userImage}</if>
             <if test="lotteryRecordNo != null "> and lotteryRecordNo = #{lotteryRecordNo}</if>
             <if test="deleted != null "> and deleted = #{deleted}</if>
             <if test="createTime != null "> and createTime = #{createTime}</if>
             <if test="updateTime != null "> and updateTime = #{updateTime}</if>
         </where>
        <if test="orderField != null and orderField != ''">
			GROUP BY userId order by  ${orderField}  
		 </if>
    </select>
</mapper>