<?xml version="1.0" encoding="UTF-8" ?>
<!DOCTYPE mapper
        PUBLIC "-//mybatis.org//DTD Mapper 3.0//EN"
        "http://mybatis.org/dtd/mybatis-3-mapper.dtd">
<mapper namespace="com.fmall.project.system.lepai.mapper.LepaiBugInfoMapper">

    <resultMap type="LepaiBugInfo" id="LepaiBugInfoResult">
        <result property="id" column="id"/>
        <result property="type" column="type"/>
        <result property="versionInfo" column="version_info"/>
        <result property="module" column="module"/>
        <result property="netstate" column="netstate"/>
        <result property="content" column="content"/>
        <result property="deleted" column="deleted"/>
        <result property="createBy" column="create_by"/>
        <result property="createTime" column="create_time"/>
        <result property="updateBy" column="update_by"/>
        <result property="updateTime" column="update_time"/>
    </resultMap>

    <sql id="selectLepaiBugInfoVo">
        select id, type, version_info, module, netstate, content, deleted, create_by, create_time, update_by, update_time from lepai_bug_info
    </sql>

    <select id="selectLepaiBugInfoList" parameterType="LepaiBugInfo" resultMap="LepaiBugInfoResult">
        <include refid="selectLepaiBugInfoVo"/>
        <where>
            <if test="id != null and id != ''">and id = #{id}</if>
            <if test="type != null and type != ''">and type = #{type}</if>
            <if test="versionInfo != null and versionInfo != ''">and version_info = #{versionInfo}</if>
            <if test="module != null and module != ''">and module = #{module}</if>
            <if test="netstate != null and netstate != ''">and netstate = #{netstate}</if>
            <if test="content != null and content != ''">and content = #{content}</if>
            <if test="deleted != null and deleted != ''">and deleted = #{deleted}</if>
            <if test="createBy != null and createBy != ''">and create_by = #{createBy}</if>
            <if test="createTime != null and createTime != ''">and create_time = #{createTime}</if>
            <if test="updateBy != null and updateBy != ''">and update_by = #{updateBy}</if>
            <if test="updateTime != null and updateTime != ''">and update_time = #{updateTime}</if>
        </where>
        <choose>
            <when test="orderField != null and orderField != ''">
                order by ${orderField}
            </when>
            <otherwise>
                order by create_time desc
            </otherwise>
        </choose>
    </select>


    <select id="queryPageLepaiBugInfoList" parameterType="LepaiBugInfo" resultMap="LepaiBugInfoResult">
        <include refid="selectLepaiBugInfoVo"/>
        <where>
            <if test="id != null and id != ''">and id = #{id}</if>
            <if test="type != null and type != ''">and type = #{type}</if>
            <if test="versionInfo != null and versionInfo != ''">and version_info = #{versionInfo}</if>
            <if test="module != null and module != ''">and module = #{module}</if>
            <if test="netstate != null and netstate != ''">and netstate = #{netstate}</if>
            <if test="content != null and content != ''">and content = #{content}</if>
            <if test="deleted != null and deleted != ''">and deleted = #{deleted}</if>
            <if test="createBy != null and createBy != ''">and create_by = #{createBy}</if>
            <if test="createTime != null and createTime != ''">and create_time = #{createTime}</if>
            <if test="updateBy != null and updateBy != ''">and update_by = #{updateBy}</if>
            <if test="updateTime != null and updateTime != ''">and update_time = #{updateTime}</if>
        </where>
        <choose>
            <when test="orderField != null and orderField != ''">
                order by ${orderField}
            </when>
            <otherwise>
                order by create_time desc
            </otherwise>
        </choose>
    </select>


    <select id="selectLepaiBugInfoById" parameterType="Long" resultMap="LepaiBugInfoResult">
        <include refid="selectLepaiBugInfoVo"/>
        where id = #{id}
    </select>

    <insert id="insertLepaiBugInfo" parameterType="LepaiBugInfo">
        insert into lepai_bug_info (
							id, 
							type, 
							version_info, 
							module, 
							netstate, 
							content, 
							deleted, 
							create_by, 
							create_time, 
							update_by, 
							update_time        )values(
			#{id}, 
			#{type}, 
			#{versionInfo}, 
			#{module}, 
			#{netstate}, 
			#{content}, 
			0, 
			#{createBy}, 
			now(), 
			#{updateBy}, 
			#{updateTime}		)
    </insert>

    <update id="updateLepaiBugInfo" parameterType="LepaiBugInfo">
        update lepai_bug_info
        <set>
            <if test="type != null and type != ''">type = #{type},</if>
            <if test="versionInfo != null and versionInfo != ''">version_info = #{versionInfo},</if>
            <if test="module != null and module != ''">module = #{module},</if>
            <if test="netstate != null and netstate != ''">netstate = #{netstate},</if>
            <if test="content != null and content != ''">content = #{content},</if>
            <if test="deleted != null and deleted != ''">deleted = #{deleted},</if>
            <if test="createBy != null and createBy != ''">create_by = #{createBy},</if>
            <if test="createTime != null and createTime != ''">create_time = #{createTime},</if>
            <if test="updateBy != null and updateBy != ''">update_by = #{updateBy},</if>
            <if test="updateTime != null and updateTime != ''">update_time = #{updateTime}</if>
        </set>
        where id = #{id}
    </update>

    <delete id="deleteLepaiBugInfoById" parameterType="Long">
        delete from lepai_bug_info where id = #{id}
    </delete>

    <delete id="deleteLepaiBugInfoByIds" parameterType="String">
        delete from lepai_bug_info where id in
        <foreach item="id" collection="array" open="(" separator="," close=")">
            #{id}
        </foreach>
    </delete>

</mapper>