<?xml version="1.0" encoding="UTF-8" ?>
<!DOCTYPE mapper
PUBLIC "-//mybatis.org//DTD Mapper 3.0//EN"
"http://mybatis.org/dtd/mybatis-3-mapper.dtd">
<mapper namespace="com.fmall.project.system.lepaiLotteryGoods.mapper.LepaiLotteryGoodsMapper">
    
    <resultMap type="LepaiLotteryGoods" id="LepaiLotteryGoodsResult">
        <result property="lotteryGoodsId"    column="lotteryGoodsId"    />
        <result property="goodsName"    column="goodsName"    />
        <result property="description"    column="description"    />
        <result property="logo"    column="logo"    />
        <result property="headImage"    column="headImage"    />
        <result property="lotteryId"    column="lotteryId"    />
        <result property="integral"    column="integral"    />
        <result property="supplier"    column="supplier"    />
        <result property="inventory"    column="inventory"    />
        <result property="status"    column="status"    />
        <result property="deleted"    column="deleted"    />
        <result property="createTime"    column="createTime"    />
        <result property="updateTime"    column="updateTime"    />
        <result property="goodsUrl"    column="goodsUrl"    />
        <result property="goodsDetail"    column="goodsDetail"    />
    </resultMap>
	
	<sql id="selectLepaiLotteryGoodsVo">
        select lotteryGoodsId, goodsName, description, logo, headImage, lotteryId,integral, supplier, inventory, status, deleted, createTime, updateTime, goodsUrl, goodsDetail from lepai_lottery_goods
    </sql>
	
    <select id="selectLepaiLotteryGoodsList" parameterType="LepaiLotteryGoods" resultMap="LepaiLotteryGoodsResult">
        <include refid="selectLepaiLotteryGoodsVo"/>
        <where>  
            <if test="lotteryGoodsId != null "> and lotteryGoodsId = #{lotteryGoodsId}</if>
             <if test="goodsName != null and goodsName != ''"> and goodsName = #{goodsName}</if>
             <if test="description != null and description != ''"> and description = #{description}</if>
             <if test="logo != null and logo != ''"> and logo = #{logo}</if>
             <if test="headImage != null and headImage != ''"> and headImage = #{headImage}</if>
             <if test="lotteryId != null "> and lotteryId = #{lotteryId}</if>
             <if test="integral != null "> and integral = #{integral}</if>
             <if test="supplier != null "> and supplier = #{supplier}</if>
             <if test="inventory != null "> and inventory = #{inventory}</if>
             <if test="status != null "> and status = #{status}</if>
             <if test="deleted != null "> and deleted = #{deleted}</if>
             <if test="createTime != null "> and createTime = #{createTime}</if>
             <if test="updateTime != null "> and updateTime = #{updateTime}</if>
             <if test="goodsUrl != null and goodsUrl != ''"> and goodsUrl = #{goodsUrl}</if>
             <if test="goodsDetail != null and goodsDetail != ''"> and goodsDetail = #{goodsDetail}</if>
         </where>
        <if test="orderField != null and orderField != ''">
			order by  ${orderField}  
		 </if>
    </select>
    
    
     <select id="queryPageLepaiLotteryGoodsList" parameterType="LepaiLotteryGoods" resultMap="LepaiLotteryGoodsResult">
        <include refid="selectLepaiLotteryGoodsVo"/>
        <where>  
            <if test="lotteryGoodsId != null "> and lotteryGoodsId = #{lotteryGoodsId}</if>
             <if test="goodsName != null and goodsName != ''">
                AND goodsName like concat('%', #{goodsName}, '%')
            </if>
             <if test="description != null and description != ''"> and description = #{description}</if>
             <if test="logo != null and logo != ''"> and logo = #{logo}</if>
             <if test="headImage != null and headImage != ''"> and headImage = #{headImage}</if>
             <if test="lotteryId != null "> and lotteryId = #{lotteryId}</if>
             <if test="integral != null "> and integral = #{integral}</if>
             <if test="supplier != null and supplier != ''">
                AND supplier like concat('%', #{supplier}, '%')
            </if>
             <if test="inventory != null "> and inventory = #{inventory}</if>
             <if test="status != null "> and status = #{status}</if>
             <if test="deleted != null "> and deleted = #{deleted}</if>
             <if test="createTime != null "> and createTime = #{createTime}</if>
             <if test="updateTime != null "> and updateTime = #{updateTime}</if>
             <if test="goodsUrl != null and goodsUrl != ''"> and goodsUrl = #{goodsUrl}</if>
             <if test="goodsDetail != null and goodsDetail != ''"> and goodsDetail = #{goodsDetail}</if>
         </where>
        <if test="orderField != null and orderField != ''">
			order by  ${orderField}
		 </if>
    </select>
    
    
    <select id="selectLepaiLotteryGoodsById" parameterType="Long" resultMap="LepaiLotteryGoodsResult">
        <include refid="selectLepaiLotteryGoodsVo"/>
        where lotteryGoodsId = #{lotteryGoodsId}
    </select>
        
    <insert id="insertLepaiLotteryGoods" parameterType="LepaiLotteryGoods">
    <selectKey resultType="Long" keyProperty="lotteryGoodsId" >
			SELECT LAST_INSERT_ID()
		</selectKey>
        insert into lepai_lottery_goods (
							lotteryGoodsId, 
							goodsName, 
							description, 
							logo, 
							headImage, 
							lotteryId, 
							integral,
							supplier, 
							inventory, 
							status, 
							deleted, 
							createTime, 
							updateTime, 
							goodsUrl, 
							goodsDetail        )values(
			#{lotteryGoodsId}, 
			#{goodsName}, 
			#{description}, 
			#{logo}, 
			#{headImage}, 
			#{lotteryId}, 
			#{integral}, 
			#{supplier}, 
			#{inventory}, 
			#{status}, 
			#{deleted}, 
			#{createTime}, 
			#{updateTime}, 
			#{goodsUrl}, 
			#{goodsDetail}		)
    </insert>
	 
    <update id="updateLepaiLotteryGoods" parameterType="LepaiLotteryGoods">
        update lepai_lottery_goods 
        <set>
            <if test="goodsName != null and goodsName != ''">goodsName = #{goodsName}, </if>
            <if test="description != null and description != ''">description = #{description}, </if>
            <if test="logo != null and logo != ''">logo = #{logo}, </if>
            <if test="headImage != null and headImage != ''">headImage = #{headImage}, </if>
            <if test="lotteryId != null ">lotteryId = #{lotteryId}, </if>
            <if test="integral != null ">integral = #{integral}, </if>
            <if test="supplier != null ">supplier = #{supplier}, </if>
            <if test="inventory != null ">inventory = #{inventory}, </if>
            <if test="status != null ">status = #{status}, </if>
            <if test="deleted != null ">deleted = #{deleted}, </if>
            <if test="createTime != null ">createTime = #{createTime}, </if>
            <if test="updateTime != null ">updateTime = #{updateTime}, </if>
            <if test="goodsUrl != null and goodsUrl != ''">goodsUrl = #{goodsUrl}, </if>
            <if test="goodsDetail != null and goodsDetail != ''">goodsDetail = #{goodsDetail}</if>
        </set>
        where lotteryGoodsId = #{lotteryGoodsId}
    </update>
	
	<delete id="deleteLepaiLotteryGoodsById" parameterType="Long">
        delete from lepai_lottery_goods where lotteryGoodsId = #{lotteryGoodsId}
    </delete>
	
    <delete id="deleteLepaiLotteryGoodsByIds" parameterType="String">
        delete from lepai_lottery_goods where lotteryGoodsId in 
        <foreach item="lotteryGoodsId" collection="array" open="(" separator="," close=")">
            #{lotteryGoodsId}
        </foreach>
    </delete>
    
</mapper>