<?xml version="1.0" encoding="UTF-8" ?>
<!DOCTYPE mapper
        PUBLIC "-//mybatis.org//DTD Mapper 3.0//EN"
        "http://mybatis.org/dtd/mybatis-3-mapper.dtd">
<mapper namespace="com.fmall.project.system.lepai.mapper.LepaiBannerMapper">

    <resultMap type="LepaiBanner" id="LepaiBannerResult">
        <result property="id" column="id"/>
        <result property="bannerType" column="banner_type"/>
        <result property="sort" column="sort"/>
        <result property="name" column="name"/>
        <result property="startTime" column="start_time"/>
        <result property="endTime" column="end_time"/>
        <result property="validity" column="validity"/>
        <result property="content" column="content"/>
        <result property="type" column="type"/>
        <result property="linkId" column="link_id"/>
        <result property="image" column="image"/>
        <result property="themeImage" column="theme_image"/>
        <result property="deleted" column="deleted"/>
        <result property="status" column="status"/>
        <result property="createBy" column="create_by"/>
        <result property="createTime" column="create_time"/>
        <result property="updateBy" column="update_by"/>
        <result property="updateTime" column="update_time"/>
    </resultMap>

    <sql id="selectLepaiBannerVo">
        select id, banner_type, sort, name, start_time, end_time, validity, content, type, link_id, image, theme_image, deleted, status, create_by, create_time, update_by, update_time from lepai_banner
    </sql>

    <select id="selectLepaiBannerList" parameterType="LepaiBanner" resultMap="LepaiBannerResult">
        <include refid="selectLepaiBannerVo"/>
        <where>
            <if test="id != null ">and id = #{id}</if>
            <if test="bannerType != null ">and banner_type = #{bannerType}</if>
            <if test="sort != null">and sort = #{sort}</if>
            <if test="name != null and name != ''">and name = #{name}</if>
            <if test="startTime != null ">and start_time = #{startTime}</if>
            <if test="endTime != null ">and end_time = #{endTime}</if>
            <if test="validity != null ">and validity = #{validity}</if>
            <if test="content != null and content != ''">and content = #{content}</if>
            <if test="type != null ">and type = #{type}</if>
            <if test="linkId != null ">and link_id = #{linkId}</if>
            <if test="image != null and image != ''">and image = #{image}</if>
            <if test="themeImage != null and themeImage != ''">and theme_image = #{themeImage}</if>
            <if test="deleted != null ">and deleted = #{deleted}</if>
            <if test="status != null ">and status = #{status}</if>
            <if test="createBy != null and createBy != ''">and create_by = #{createBy}</if>
            <if test="createTime != null ">and create_time = #{createTime}</if>
            <if test="updateBy != null and updateBy != ''">and update_by = #{updateBy}</if>
            <if test="updateTime != null ">and update_time = #{updateTime}</if>
        </where>
        <choose>
            <when test="orderField != null and orderField != ''">
                order by ${orderField}
            </when>
            <otherwise>
                order by create_time desc
            </otherwise>
        </choose>
    </select>


    <select id="queryPageLepaiBannerList" parameterType="LepaiBanner" resultMap="LepaiBannerResult">
        <include refid="selectLepaiBannerVo"/>
        <where>
            <if test="id != null ">and id = #{id}</if>
            <if test="bannerType != null ">and banner_type = #{bannerType}</if>
            <if test="sort != null">and sort = #{sort}</if>
            <if test="name != null and name != ''">and name = #{name}</if>
            <if test="startTime != null ">and start_time = #{startTime}</if>
            <if test="endTime != null ">and end_time = #{endTime}</if>
            <if test="validity != null ">and validity = #{validity}</if>
            <if test="content != null and content != ''">and content = #{content}</if>
            <if test="type != null ">and type = #{type}</if>
            <if test="linkId != null ">and link_id = #{linkId}</if>
            <if test="image != null and image != ''">and image = #{image}</if>
            <if test="themeImage != null and themeImage != ''">and theme_image = #{themeImage}</if>
            <if test="deleted != null ">and deleted = #{deleted}</if>
            <if test="status != null ">and status = #{status}</if>
            <if test="createBy != null and createBy != ''">and create_by = #{createBy}</if>
            <if test="createTime != null ">and create_time = #{createTime}</if>
            <if test="updateBy != null and updateBy != ''">and update_by = #{updateBy}</if>
            <if test="updateTime != null ">and update_time = #{updateTime}</if>
        </where>
        <choose>
            <when test="orderField != null and orderField != ''">
                order by ${orderField}
            </when>
            <otherwise>
                order by create_time desc
            </otherwise>
        </choose>
    </select>


    <select id="selectLepaiBannerById" parameterType="Long" resultMap="LepaiBannerResult">
        <include refid="selectLepaiBannerVo"/>
        where id = #{id}
    </select>

    <insert id="insertLepaiBanner" parameterType="LepaiBanner">
        insert into lepai_banner (
							id, 
							banner_type, 
							sort, 
							name, 
							start_time, 
							end_time, 
							validity, 
							content, 
							type, 
							link_id, 
							image, 
							theme_image, 
							deleted, 
							status, 
							create_by, 
							create_time, 
							update_by, 
							update_time        )values(
			#{id}, 
			#{bannerType}, 
			#{sort}, 
			#{name}, 
			#{startTime}, 
			#{endTime}, 
			#{validity}, 
			#{content}, 
			#{type}, 
			#{linkId}, 
			#{image}, 
			#{themeImage}, 
			0, 
			#{status}, 
			#{createBy}, 
			now(), 
			#{updateBy}, 
			#{updateTime}		)
    </insert>

    <update id="updateLepaiBanner" parameterType="LepaiBanner">
        update lepai_banner
        <set>
            <if test="bannerType != null ">banner_type = #{bannerType},</if>
            <if test="sort != null">sort = #{sort},</if>
            <if test="name != null and name != ''">name = #{name},</if>
            <if test="startTime != null ">start_time = #{startTime},</if>
            <if test="endTime != null ">end_time = #{endTime},</if>
            <if test="validity != null ">validity = #{validity},</if>
            <if test="content != null and content != ''">content = #{content},</if>
            <if test="type != null ">type = #{type},</if>
            <if test="linkId != null ">link_id = #{linkId},</if>
            <if test="image != null and image != ''">image = #{image},</if>
            <if test="themeImage != null and themeImage != ''">theme_image = #{themeImage},</if>
            <if test="deleted != null ">deleted = #{deleted},</if>
            <if test="status != null ">status = #{status},</if>
            <if test="createBy != null and createBy != ''">create_by = #{createBy},</if>
            <if test="createTime != null ">create_time = #{createTime},</if>
            <if test="updateBy != null and updateBy != ''">update_by = #{updateBy},</if>
            <if test="updateTime != null ">update_time = #{updateTime}</if>
        </set>
        where id = #{id}
    </update>

    <delete id="deleteLepaiBannerById" parameterType="Long">
        delete from lepai_banner where id = #{id}
    </delete>

    <delete id="deleteLepaiBannerByIds" parameterType="String">
        delete from lepai_banner where id in
        <foreach item="id" collection="array" open="(" separator="," close=")">
            #{id}
        </foreach>
    </delete>

</mapper>