<?xml version="1.0" encoding="UTF-8" ?>
<!DOCTYPE mapper
        PUBLIC "-//mybatis.org//DTD Mapper 3.0//EN"
        "http://mybatis.org/dtd/mybatis-3-mapper.dtd">
<mapper namespace="com.fmall.project.system.lepai.mapper.LepaiMarkupRuleMapper">

    <resultMap type="LepaiMarkupRule" id="LepaiMarkupRuleResult">
        <result property="id" column="id"/>
        <result property="name" column="name"/>
        <result property="beProtected" column="be_protected"/>
        <result property="markupNum" column="markup_num"/>
        <result property="bidded" column="bidded"/>
        <result property="markupSpace" column="markup_space"/>
        <result property="num" column="num"/>
        <result property="deleted" column="deleted"/>
        <result property="createBy" column="create_by"/>
        <result property="createTime" column="create_time"/>
        <result property="updateBy" column="update_by"/>
        <result property="updateTime" column="update_time"/>
    </resultMap>

    <sql id="selectLepaiMarkupRuleVo">
        select id, name, be_protected, markup_num, bidded, markup_space, num, deleted, create_by, create_time, update_by, update_time from lepai_markup_rule
    </sql>

    <select id="selectLepaiMarkupRuleList" parameterType="LepaiMarkupRule" resultMap="LepaiMarkupRuleResult">
        <include refid="selectLepaiMarkupRuleVo"/>
        <where>
            <if test="id != null ">and id = #{id}</if>
            <if test="name != null and name != ''">and name = #{name}</if>
            <if test="beProtected != null ">and be_protected = #{beProtected}</if>
            <if test="markupNum != null ">and markup_num = #{markupNum}</if>
            <if test="bidded != null ">and bidded = #{bidded}</if>
            <if test="markupSpace != null ">and markup_space = #{markupSpace}</if>
            <if test="num != null ">and num = #{num}</if>
            <if test="deleted != null ">and deleted = #{deleted}</if>
            <if test="createBy != null and createBy != ''">and create_by = #{createBy}</if>
            <if test="createTime != null ">and create_time = #{createTime}</if>
            <if test="updateBy != null and updateBy != ''">and update_by = #{updateBy}</if>
            <if test="updateTime != null ">and update_time = #{updateTime}</if>
        </where>
        <choose>
            <when test="orderField != null and orderField != ''">
                order by ${orderField}
            </when>
            <otherwise>
                order by create_time desc
            </otherwise>
        </choose>
    </select>


    <select id="queryPageLepaiMarkupRuleList" parameterType="LepaiMarkupRule" resultMap="LepaiMarkupRuleResult">
        <include refid="selectLepaiMarkupRuleVo"/>
        <where>
            <if test="id != null ">and id = #{id}</if>
            <if test="name != null and name != ''">and name = #{name}</if>
            <if test="beProtected != null ">and be_protected = #{beProtected}</if>
            <if test="markupNum != null ">and markup_num = #{markupNum}</if>
            <if test="bidded != null ">and bidded = #{bidded}</if>
            <if test="markupSpace != null ">and markup_space = #{markupSpace}</if>
            <if test="num != null ">and num = #{num}</if>
            <if test="deleted != null ">and deleted = #{deleted}</if>
            <if test="createBy != null and createBy != ''">and create_by = #{createBy}</if>
            <if test="createTime != null ">and create_time = #{createTime}</if>
            <if test="updateBy != null and updateBy != ''">and update_by = #{updateBy}</if>
            <if test="updateTime != null ">and update_time = #{updateTime}</if>
        </where>
        <choose>
            <when test="orderField != null and orderField != ''">
                order by ${orderField}
            </when>
            <otherwise>
                order by create_time desc
            </otherwise>
        </choose>
    </select>


    <select id="selectLepaiMarkupRuleById" parameterType="Long" resultMap="LepaiMarkupRuleResult">
        <include refid="selectLepaiMarkupRuleVo"/>
        where id = #{id}
    </select>
    <select id="selectlepaiMarkupRuleAllList"
            resultType="com.fmall.project.system.lepai.domain.LepaiMarkupRule">
        <include refid="selectLepaiMarkupRuleVo"/>
        where deleted = 0
    </select>

    <insert id="insertLepaiMarkupRule" parameterType="LepaiMarkupRule">
        insert into lepai_markup_rule (
							id, 
							name, 
							be_protected, 
							markup_num, 
							bidded, 
							markup_space, 
							num, 
							deleted, 
							create_by, 
							create_time, 
							update_by, 
							update_time        )values(
			#{id}, 
			#{name}, 
			#{beProtected}, 
			#{markupNum}, 
			#{bidded}, 
			#{markupSpace}, 
			#{num}, 
			0, 
			#{createBy}, 
			now(), 
			#{updateBy}, 
			#{updateTime}		)
    </insert>

    <update id="updateLepaiMarkupRule" parameterType="LepaiMarkupRule">
        update lepai_markup_rule
        <set>
            <if test="name != null and name != ''">name = #{name},</if>
            <if test="beProtected != null ">be_protected = #{beProtected},</if>
            <if test="markupNum != null ">markup_num = #{markupNum},</if>
            <if test="bidded != null ">bidded = #{bidded},</if>
            <if test="markupSpace != null ">markup_space = #{markupSpace},</if>
            <if test="num != null ">num = #{num},</if>
            <if test="deleted != null ">deleted = #{deleted},</if>
            <if test="createBy != null and createBy != ''">create_by = #{createBy},</if>
            <if test="createTime != null ">create_time = #{createTime},</if>
            <if test="updateBy != null and updateBy != ''">update_by = #{updateBy},</if>
            <if test="updateTime != null ">update_time = #{updateTime}</if>
        </set>
        where id = #{id}
    </update>

    <delete id="deleteLepaiMarkupRuleById" parameterType="Long">
        delete from lepai_markup_rule where id = #{id}
    </delete>

    <delete id="deleteLepaiMarkupRuleByIds" parameterType="String">
        delete from lepai_markup_rule where id in
        <foreach item="id" collection="array" open="(" separator="," close=")">
            #{id}
        </foreach>
    </delete>

</mapper>