<?xml version="1.0" encoding="UTF-8" ?>
<!DOCTYPE mapper
PUBLIC "-//mybatis.org//DTD Mapper 3.0//EN"
"http://mybatis.org/dtd/mybatis-3-mapper.dtd">
<mapper namespace="com.fmall.project.system.lepai.mapper.LepaiAppversionMapper">
    
    <resultMap type="LepaiAppversion" id="LepaiAppversionResult">
        <result property="appVersionId"    column="appVersionId"    />
        <result property="versionCode"    column="versionCode"    />
        <result property="versionName"    column="versionName"    />
        <result property="versionCoded"    column="versionCoded"    />
        <result property="updateTip"    column="updateTip"    />
        <result property="downloadUrl"    column="downloadUrl"    />
        <result property="state"    column="state"    />
        <result property="type"    column="type"    />
        <result property="source"    column="source"    />
        <result property="createBy"    column="create_by"    />
        <result property="createTime"    column="create_time"    />
        <result property="updateBy"    column="update_by"    />
        <result property="updateTime"    column="update_time"    />
    </resultMap>
	
	<sql id="selectLepaiAppversionVo">
        select appVersionId, versionCode, versionName,versionCoded, updateTip, downloadUrl, state, type, source, create_by, create_time, update_by, update_time from lepai_appversion
    </sql>
	
    <select id="selectLepaiAppversionList" parameterType="LepaiAppversion" resultMap="LepaiAppversionResult">
        <include refid="selectLepaiAppversionVo"/>
        <where>  
            <if test="appVersionId != null "> and appVersionId = #{appVersionId}</if>
             <if test="versionCode != null "> and versionCode = #{versionCode}</if>
             <if test="versionName != null and versionName != ''"> and versionName = #{versionName}</if>
             <if test="versionCoded != null and versionCoded != ''"> and versionCoded = #{versionCoded}</if>
             <if test="updateTip != null and updateTip != ''"> and updateTip = #{updateTip}</if>
             <if test="downloadUrl != null and downloadUrl != ''"> and downloadUrl = #{downloadUrl}</if>
             <if test="state != null "> and state = #{state}</if>
             <if test="type != null "> and type = #{type}</if>
             <if test="source != null and source != ''"> and source = #{source}</if>
             <if test="createBy != null and createBy != ''"> and create_by = #{createBy}</if>
             <if test="createTime != null "> and create_time = #{createTime}</if>
             <if test="updateBy != null and updateBy != ''"> and update_by = #{updateBy}</if>
             <if test="updateTime != null"> and update_time = #{updateTime}</if>
         </where>
        <if test="orderField != null and orderField != ''">
			order by  ${orderField}  
		 </if>
    </select>
    
    
     <select id="queryPageLepaiAppversionList" parameterType="LepaiAppversion" resultMap="LepaiAppversionResult">
        <include refid="selectLepaiAppversionVo"/>
        <where>  
            <if test="appVersionId != null "> and appVersionId = #{appVersionId}</if>
             <if test="versionCode != null "> and versionCode = #{versionCode}</if>
             <if test="versionName != null and versionName != ''"> and versionName = #{versionName}</if>
             <if test="versionCoded != null and versionCoded != ''"> and versionCoded = #{versionCoded}</if>
             <if test="updateTip != null and updateTip != ''"> and updateTip = #{updateTip}</if>
             <if test="downloadUrl != null and downloadUrl != ''"> and downloadUrl = #{downloadUrl}</if>
             <if test="state != null "> and state = #{state}</if>
             <if test="type != null "> and type = #{type}</if>
             <if test="source != null and source != ''"> and source = #{source}</if>
             <if test="createBy != null and createBy != ''"> and create_by = #{createBy}</if>
             <if test="createTime != null "> and create_time = #{createTime}</if>
             <if test="updateBy != null and updateBy != ''"> and update_by = #{updateBy}</if>
             <if test="updateTime != null "> and update_time = #{updateTime}</if>
         </where>
        <if test="orderField != null and orderField != ''">
			order by  ${orderField}  
		 </if>
    </select>
    
    
    <select id="selectLepaiAppversionById" parameterType="Integer" resultMap="LepaiAppversionResult">
        <include refid="selectLepaiAppversionVo"/>
        where appVersionId = #{appVersionId}
    </select>
        
    <insert id="insertLepaiAppversion" parameterType="LepaiAppversion">
        insert into lepai_appversion (
							appVersionId, 
							versionCode, 
							versionName, 
							versionCoded,
							updateTip,
							downloadUrl, 
							state, 
							type, 
							source, 
							create_by, 
							create_time, 
							update_by, 
							update_time        )values(
			#{appVersionId}, 
			#{versionCode}, 
			#{versionName}, 
			#{versionCoded},
			#{updateTip},
			#{downloadUrl}, 
			#{state}, 
			#{type}, 
			#{source}, 
			#{createBy}, 
			#{createTime}, 
			#{updateBy}, 
			#{updateTime}		)
    </insert>
	 
    <update id="updateLepaiAppversion" parameterType="LepaiAppversion">
        update lepai_appversion 
        <set>
            <if test="versionCode != null ">versionCode = #{versionCode}, </if>
            <if test="versionName != null and versionName != ''">versionName = #{versionName}, </if>
            <if test="versionCoded != null and versionCoded != ''">versionCoded = #{versionCoded}, </if>
            <if test="updateTip != null and updateTip != ''">updateTip = #{updateTip}, </if>
            <if test="downloadUrl != null and downloadUrl != ''">downloadUrl = #{downloadUrl}, </if>
            <if test="state != null ">state = #{state}, </if>
            <if test="type != null ">type = #{type}, </if>
            <if test="source != null and source != ''">source = #{source}, </if>
            <if test="createBy != null and createBy != ''">create_by = #{createBy}, </if>
            <if test="createTime != null ">create_time = #{createTime}, </if>
            <if test="updateBy != null and updateBy != ''">update_by = #{updateBy}, </if>
            <if test="updateTime != null ">update_time = #{updateTime}</if>
        </set>
        where appVersionId = #{appVersionId}
    </update>
	
	<delete id="deleteLepaiAppversionById" parameterType="Integer">
        delete from lepai_appversion where appVersionId = #{appVersionId}
    </delete>
	
    <delete id="deleteLepaiAppversionByIds" parameterType="String">
        delete from lepai_appversion where appVersionId in 
        <foreach item="appVersionId" collection="array" open="(" separator="," close=")">
            #{appVersionId}
        </foreach>
    </delete>

    <select id="queryAppVersionBySource" resultMap="LepaiAppversionResult">
        <include refid="selectLepaiAppversionVo" />
        where source=#{source} order by update_time DESC
        limit 1
    </select>
</mapper>