<?xml version="1.0" encoding="UTF-8" ?>
<!DOCTYPE mapper
        PUBLIC "-//mybatis.org//DTD Mapper 3.0//EN"
        "http://mybatis.org/dtd/mybatis-3-mapper.dtd">
<mapper namespace="com.fmall.project.system.lepai.mapper.LepaiRuleMapper">

    <resultMap type="LepaiRule" id="LepaiRuleResult">
        <result property="id" column="id"/>
        <result property="ruleKey" column="rule_key"/>
        <result property="title" column="title"/>
        <result property="content" column="content"/>
        <result property="deleted" column="deleted"/>
        <result property="status" column="status"/>
        <result property="createBy" column="create_by"/>
        <result property="createTime" column="create_time"/>
        <result property="updateBy" column="update_by"/>
        <result property="updateTime" column="update_time"/>
    </resultMap>

    <sql id="selectLepaiRuleVo">
        select id, rule_key, title, content, deleted, status, create_by, create_time, update_by, update_time from lepai_rule
    </sql>

    <select id="selectLepaiRuleList" parameterType="LepaiRule" resultMap="LepaiRuleResult">
        <include refid="selectLepaiRuleVo"/>
        <where>
            <if test="id != null ">and id = #{id}</if>
            <if test="ruleKey != null and ruleKey != ''">and rule_key = #{ruleKey}</if>
            <if test="title != null and title != ''">and title = #{title}</if>
            <if test="content != null and content != ''">and content = #{content}</if>
            <if test="deleted != null ">and deleted = #{deleted}</if>
            <if test="status != null">and status = #{status}</if>
            <if test="createBy != null and createBy != ''">and create_by = #{createBy}</if>
            <if test="createTime != null ">and create_time = #{createTime}</if>
            <if test="updateBy != null and updateBy != ''">and update_by = #{updateBy}</if>
            <if test="updateTime != null">and update_time = #{updateTime}</if>
        </where>
        <choose>
            <when test="orderField != null and orderField != ''">
                order by ${orderField}
            </when>
            <otherwise>
                order by create_time desc
            </otherwise>
        </choose>
    </select>


    <select id="queryPageLepaiRuleList" parameterType="LepaiRule" resultMap="LepaiRuleResult">
        <include refid="selectLepaiRuleVo"/>
        <where>
            <if test="id != null ">and id = #{id}</if>
            <if test="ruleKey != null and ruleKey != ''">and rule_key = #{ruleKey}</if>
            <if test="title != null and title != ''">and title = #{title}</if>
            <if test="content != null and content != ''">and content = #{content}</if>
            <if test="deleted != null ">and deleted = #{deleted}</if>
            <if test="status != null">and status = #{status}</if>
            <if test="createBy != null and createBy != ''">and create_by = #{createBy}</if>
            <if test="createTime != null ">and create_time = #{createTime}</if>
            <if test="updateBy != null and updateBy != ''">and update_by = #{updateBy}</if>
            <if test="updateTime != null">and update_time = #{updateTime}</if>
        </where>
        <choose>
            <when test="orderField != null and orderField != ''">
                order by ${orderField}
            </when>
            <otherwise>
                order by create_time desc
            </otherwise>
        </choose>
    </select>


    <select id="selectLepaiRuleById" parameterType="Long" resultMap="LepaiRuleResult">
        <include refid="selectLepaiRuleVo"/>
        where id = #{id}
    </select>


    <insert id="insertLepaiRule" parameterType="LepaiRule">
        insert into lepai_rule (
							id, 
							rule_key, 
							title, 
							content, 
							deleted, 
							status, 
							create_by, 
							create_time, 
							update_by, 
							update_time        )values(
			#{id}, 
			#{ruleKey}, 
			#{title}, 
			#{content}, 
			0, 
			#{status}, 
			#{createBy}, 
			now(), 
			#{updateBy}, 
			#{updateTime}		)
    </insert>

    <update id="updateLepaiRule" parameterType="LepaiRule">
        update lepai_rule
        <set>
            <if test="ruleKey != null and ruleKey != ''">rule_key = #{ruleKey},</if>
            <if test="title != null and title != ''">title = #{title},</if>
            <if test="content != null and content != ''">content = #{content},</if>
            <if test="deleted != null ">deleted = #{deleted},</if>
            <if test="status != null">status = #{status},</if>
            <if test="createBy != null and createBy != ''">create_by = #{createBy},</if>
            <if test="createTime != null ">create_time = #{createTime},</if>
            <if test="updateBy != null and updateBy != ''">update_by = #{updateBy},</if>
            <if test="updateTime != null">update_time = #{updateTime}</if>
        </set>
        where id = #{id}
    </update>

    <delete id="deleteLepaiRuleById" parameterType="Long">
        delete from lepai_rule where id = #{id}
    </delete>

    <delete id="deleteLepaiRuleByIds" parameterType="String">
        delete from lepai_rule where id in
        <foreach item="id" collection="array" open="(" separator="," close=")">
            #{id}
        </foreach>
    </delete>

</mapper>