<?xml version="1.0" encoding="UTF-8" ?>
<!DOCTYPE mapper
PUBLIC "-//mybatis.org//DTD Mapper 3.0//EN"
"http://mybatis.org/dtd/mybatis-3-mapper.dtd">
<mapper namespace="com.fmall.project.system.lepaiChatroom.mapper.LepaiChatroomMapper">
    
    <resultMap type="LepaiChatroom" id="LepaiChatroomResult">
        <result property="chatRoomId"    column="chatRoomId"    />
        <result property="jgChatRoomId"    column="jgChatRoomId"    />
        <result property="auctionId"    column="auctionId"    />
        <result property="chatRoomName"    column="chatRoomName"    />
        <result property="ownerUserName"    column="ownerUserName"    />
        <result property="createTime"    column="createTime"    />
        <result property="state"    column="state"    />
        <result property="description"    column="description"    />
        <result property="enable"    column="enable"    />
        <result property="deleted"    column="deleted"    />
    </resultMap>
	
	<sql id="selectLepaiChatroomVo">
        select chatRoomId, jgChatRoomId, auctionId, chatRoomName, ownerUserName, createTime, state, description, enable, deleted from lepai_chatroom
    </sql>
	
    <select id="selectLepaiChatroomList" parameterType="LepaiChatroom" resultMap="LepaiChatroomResult">
        <include refid="selectLepaiChatroomVo"/>
        <where>  
            <if test="chatRoomId != null "> and chatRoomId = #{chatRoomId}</if>
             <if test="jgChatRoomId != null "> and jgChatRoomId = #{jgChatRoomId}</if>
             <if test="auctionId != null "> and auctionId = #{auctionId}</if>
             <if test="chatRoomName != null and chatRoomName != ''"> and chatRoomName = #{chatRoomName}</if>
             <if test="ownerUserName != null and ownerUserName != ''"> and ownerUserName = #{ownerUserName}</if>
             <if test="createTime != null "> and createTime = #{createTime}</if>
             <if test="state != null "> and state = #{state}</if>
             <if test="description != null and description != ''"> and description = #{description}</if>
             <if test="enable != null and enable != ''"> and enable = #{enable}</if>
             <if test="deleted != null "> and deleted = #{deleted}</if>
         </where>
        <if test="orderField != null and orderField != ''">
			order by  ${orderField}  
		 </if>
    </select>
    
    
     <select id="queryPageLepaiChatroomList" parameterType="LepaiChatroom" resultMap="LepaiChatroomResult">
        <include refid="selectLepaiChatroomVo"/>
        <where>  
            <if test="chatRoomId != null "> and chatRoomId = #{chatRoomId}</if>
             <if test="jgChatRoomId != null "> and jgChatRoomId = #{jgChatRoomId}</if>
             <if test="auctionId != null "> and auctionId = #{auctionId}</if>
             <if test="chatRoomName != null and chatRoomName != ''"> and chatRoomName = #{chatRoomName}</if>
             <if test="ownerUserName != null and ownerUserName != ''"> and ownerUserName = #{ownerUserName}</if>
             <if test="createTime != null "> and createTime = #{createTime}</if>
             <if test="state != null "> and state = #{state}</if>
             <if test="description != null and description != ''"> and description = #{description}</if>
             <if test="enable != null and enable != ''"> and enable = #{enable}</if>
             <if test="deleted != null "> and deleted = #{deleted}</if>
         </where>
        <if test="orderField != null and orderField != ''">
			order by  ${orderField}  
		 </if>
    </select>
    
    
    <select id="selectLepaiChatroomById" parameterType="Long" resultMap="LepaiChatroomResult">
        <include refid="selectLepaiChatroomVo"/>
        where chatRoomId = #{chatRoomId}
    </select>
    
    <select id="selectLepaiChatroomByAuctionId" parameterType="Long" resultMap="LepaiChatroomResult">
        <include refid="selectLepaiChatroomVo"/>
        where auctionId = #{auctionId} limit 1
    </select>
        
    <insert id="insertLepaiChatroom" parameterType="LepaiChatroom">
        insert into lepai_chatroom (
							chatRoomId, 
							jgChatRoomId, 
							auctionId, 
							chatRoomName, 
							ownerUserName, 
							createTime, 
							state, 
							description, 
							enable, 
							deleted        )values(
			#{chatRoomId}, 
			#{jgChatRoomId}, 
			#{auctionId}, 
			#{chatRoomName}, 
			#{ownerUserName}, 
			#{createTime}, 
			#{state}, 
			#{description}, 
			#{enable}, 
			#{deleted}		)
    </insert>
	 
    <update id="updateLepaiChatroom" parameterType="LepaiChatroom">
        update lepai_chatroom 
        <set>
            <if test="jgChatRoomId != null ">jgChatRoomId = #{jgChatRoomId}, </if>
            <if test="auctionId != null ">auctionId = #{auctionId}, </if>
            <if test="chatRoomName != null and chatRoomName != ''">chatRoomName = #{chatRoomName}, </if>
            <if test="ownerUserName != null and ownerUserName != ''">ownerUserName = #{ownerUserName}, </if>
            <if test="createTime != null ">createTime = #{createTime}, </if>
            <if test="state != null ">state = #{state}, </if>
            <if test="description != null and description != ''">description = #{description}, </if>
            <if test="enable != null and enable != ''">enable = #{enable}, </if>
            <if test="deleted != null ">deleted = #{deleted}</if>
        </set>
        where chatRoomId = #{chatRoomId}
    </update>
	
	<delete id="deleteLepaiChatroomById" parameterType="Integer">
        delete from lepai_chatroom where chatRoomId = #{chatRoomId}
    </delete>
	
    <delete id="deleteLepaiChatroomByIds" parameterType="String">
        delete from lepai_chatroom where chatRoomId in 
        <foreach item="chatRoomId" collection="array" open="(" separator="," close=")">
            #{chatRoomId}
        </foreach>
    </delete>
    
</mapper>