<?xml version="1.0" encoding="UTF-8" ?>
<!DOCTYPE mapper
PUBLIC "-//mybatis.org//DTD Mapper 3.0//EN"
"http://mybatis.org/dtd/mybatis-3-mapper.dtd">
<mapper namespace="com.fmall.project.system.lepaiLotteryWin.mapper.LepaiLotteryWinMapper">
    
    <resultMap type="LepaiLotteryWin" id="LepaiLotteryWinResult">
        <result property="lotteryWinId"    column="lotteryWinId"    />
        <result property="lotteryId"    column="lotteryId"    />
        <result property="lotteryName"    column="lotteryName"    />
        <result property="goodsId"    column="goodsId"    />
        <result property="userId"    column="userId"    />
        <result property="userName"    column="userName"    />
        <result property="userImage"    column="userImage"    />
        <result property="lotteryNumber"    column="lotteryNumber"    />
        <result property="lotteryRecordNo"    column="lotteryRecordNo"    />
        <result property="deleted"    column="deleted"    />
        <result property="createTime"    column="createTime"    />
        <result property="updateTime"    column="updateTime"    />
        <result property="lotteryAllTimes"    column="lotteryAllTimes"    />
        <result property="personTimes"    column="personTimes"    />
        <result property="remark"    column="remark"    />
        <result property="state"    column="state"    />
    </resultMap>
	
	<sql id="selectLepaiLotteryWinVo">
        select lotteryWinId, lotteryId, lotteryName, goodsId,userId, userName, userImage, lotteryNumber, lotteryRecordNo, deleted, createTime, updateTime,lotteryAllTimes,personTimes,remark,state from lepai_lottery_win
    </sql>
	
    <select id="selectLepaiLotteryWinList" parameterType="LepaiLotteryWin" resultMap="LepaiLotteryWinResult">
        <include refid="selectLepaiLotteryWinVo"/>
        <where>  
            <if test="lotteryWinId != null "> and lotteryWinId = #{lotteryWinId}</if>
             <if test="lotteryId != null "> and lotteryId = #{lotteryId}</if>
             <if test="lotteryName != null and lotteryName != ''"> and lotteryName = #{lotteryName}</if>
             <if test="goodsId != null "> and goodsId = #{goodsId}</if>
             <if test="userId != null "> and userId = #{userId}</if>
             <if test="userName != null and userName != ''"> and userName = #{userName}</if>
             <if test="userImage != null and userImage != ''"> and userImage = #{userImage}</if>
             <if test="remark != null and remark != ''"> and remark = #{remark}</if>
             <if test="lotteryNumber != null"> and lotteryNumber = #{lotteryNumber}</if>
             <if test="lotteryRecordNo != null "> and lotteryRecordNo = #{lotteryRecordNo}</if>
             <if test="deleted != null"> and deleted = #{deleted}</if>
             <if test="state != null"> and state = #{state}</if>
             <if test="createTime != null "> and createTime = #{createTime}</if>
             <if test="updateTime != null "> and updateTime = #{updateTime}</if>
         </where>
        <if test="orderField != null and orderField != ''">
			order by  ${orderField}  
		 </if>
    </select>
    
    
     <select id="queryPageLepaiLotteryWinList" parameterType="LepaiLotteryWin" resultMap="LepaiLotteryWinResult">
        <include refid="selectLepaiLotteryWinVo"/>
        <where>  
            <if test="lotteryWinId != null "> and lotteryWinId = #{lotteryWinId}</if>
             <if test="lotteryId != null "> and lotteryId = #{lotteryId}</if>
             <if test="lotteryName != null and lotteryName != ''">
                AND lotteryName like concat('%', #{lotteryName}, '%')
            </if>
             <if test="goodsId != null "> and goodsId = #{goodsId}</if>
             <if test="userId != null "> and userId = #{userId}</if>
             <if test="userName != null and userName != ''">
                AND userName like concat('%', #{userName}, '%')
            </if>
             <if test="userImage != null and userImage != ''"> and userImage = #{userImage}</if>
             <if test="remark != null and remark != ''"> and remark = #{remark}</if>
             <if test="lotteryNumber != null"> and lotteryNumber = #{lotteryNumber}</if>
             <if test="lotteryRecordNo != null "> and lotteryRecordNo = #{lotteryRecordNo}</if>
             <if test="deleted != null"> and deleted = #{deleted}</if>
             <if test="state != null"> and state = #{state}</if>
             <if test="createTime != null "> and createTime = #{createTime}</if>
             <if test="updateTime != null "> and updateTime = #{updateTime}</if>
         </where>
        <if test="orderField != null and orderField != ''">
			order by  ${orderField}  
		 </if>
    </select>
    
    
    <select id="selectLepaiLotteryWinById" parameterType="Long" resultMap="LepaiLotteryWinResult">
        <include refid="selectLepaiLotteryWinVo"/>
        where lotteryWinId = #{lotteryWinId}
    </select>
    
    <select id="selectLepaiLotteryWinByLotteryId" parameterType="Long" resultMap="LepaiLotteryWinResult">
        <include refid="selectLepaiLotteryWinVo"/>
        where lotteryId = #{lotteryId}
    </select>
        
    <insert id="insertLepaiLotteryWin" parameterType="LepaiLotteryWin">
    <selectKey resultType="Long" keyProperty="lotteryWinId" >
			SELECT LAST_INSERT_ID()
		</selectKey>
        insert into lepai_lottery_win (
							lotteryWinId, 
							lotteryId, 
							lotteryName, 
							goodsId, 
							userId, 
							userName, 
							userImage, 
							lotteryNumber, 
							lotteryRecordNo, 
							deleted, 
							state, 
							remark, 
							personTimes, 
							lotteryAllTimes, 
							createTime, 
							updateTime        )values(
			#{lotteryWinId}, 
			#{lotteryId}, 
			#{lotteryName}, 
			#{goodsId}, 
			#{userId}, 
			#{userName}, 
			#{userImage}, 
			#{lotteryNumber}, 
			#{lotteryRecordNo}, 
			#{deleted}, 
			#{state}, 
			#{remark}, 
			#{personTimes}, 
			#{lotteryAllTimes}, 
			#{createTime}, 
			#{updateTime}		)
    </insert>
	 
    <update id="updateLepaiLotteryWin" parameterType="LepaiLotteryWin">
        update lepai_lottery_win 
        <set>
            <if test="lotteryId != null ">lotteryId = #{lotteryId}, </if>
            <if test="lotteryName != null and lotteryName != ''">lotteryName = #{lotteryName}, </if>
            <if test="goodsId != null ">goodsId = #{goodsId}, </if>
            <if test="userId != null ">userId = #{userId}, </if>
            <if test="userName != null and userName != ''">userName = #{userName}, </if>
            <if test="userImage != null and userImage != ''">userImage = #{userImage}, </if>
            <if test="remark != null and remark != ''">remark = #{remark}, </if>
            <if test="lotteryAllTimes != null and lotteryAllTimes != ''">lotteryAllTimes = #{lotteryAllTimes}, </if>
            <if test="lotteryNumber != null">lotteryNumber = #{lotteryNumber}, </if>
            <if test="lotteryRecordNo != null ">lotteryRecordNo = #{lotteryRecordNo}, </if>
            <if test="deleted != null">deleted = #{deleted}, </if>
            <if test="state != null">state = #{state}, </if>
            <if test="personTimes != null">personTimes = #{personTimes}, </if>
            <if test="createTime != null ">createTime = #{createTime}, </if>
            <if test="updateTime != null ">updateTime = #{updateTime}</if>
        </set>
        where lotteryWinId = #{lotteryWinId}
    </update>
	
	<delete id="deleteLepaiLotteryWinById" parameterType="Long">
        delete from lepai_lottery_win where lotteryWinId = #{lotteryWinId}
    </delete>
	
    <delete id="deleteLepaiLotteryWinByIds" parameterType="String">
        delete from lepai_lottery_win where lotteryWinId in 
        <foreach item="lotteryWinId" collection="array" open="(" separator="," close=")">
            #{lotteryWinId}
        </foreach>
    </delete>
    
    <select id="selectLepaiLotteryWin" parameterType="LepaiLotteryWin" resultMap="LepaiLotteryWinResult">
        <include refid="selectLepaiLotteryWinVo"/>
        <where>  
            <if test="lotteryWinId != null "> and lotteryWinId = #{lotteryWinId}</if>
             <if test="lotteryId != null "> and lotteryId = #{lotteryId}</if>
             <if test="lotteryName != null and lotteryName != ''"> and lotteryName = #{lotteryName}</if>
             <if test="goodsId != null "> and goodsId = #{goodsId}</if>
             <if test="userId != null "> and userId = #{userId}</if>
             <if test="userName != null and userName != ''"> and userName = #{userName}</if>
             <if test="remark != null and remark != ''"> and remark = #{remark}</if>
             <if test="userImage != null and userImage != ''"> and userImage = #{userImage}</if>
             <if test="lotteryNumber != null"> and lotteryNumber = #{lotteryNumber}</if>
             <if test="lotteryRecordNo != null "> and lotteryRecordNo = #{lotteryRecordNo}</if>
             <if test="deleted != null"> and deleted = #{deleted}</if>
             <if test="state != null"> and state = #{state}</if>
             <if test="createTime != null "> and createTime = #{createTime}</if>
             <if test="updateTime != null "> and updateTime = #{updateTime}</if>
         </where>
        limit 1
    </select>
</mapper>