<?xml version="1.0" encoding="UTF-8" ?>
<!DOCTYPE mapper
PUBLIC "-//mybatis.org//DTD Mapper 3.0//EN"
"http://mybatis.org/dtd/mybatis-3-mapper.dtd">
<mapper namespace="com.fmall.project.system.lepaiLottery.mapper.LepaiLotteryMapper">
    
    <resultMap type="LepaiLottery" id="LepaiLotteryResult">
        <result property="lotteryId"    column="lotteryId"    />
        <result property="goodsId"    column="goodsId"    />
        <result property="lotteryName"    column="lotteryName"    />
        <result property="goodsName"    column="goodsName"    />
        <result property="goodsImage"    column="goodsImage"    />
        <result property="allIntegral"    column="allIntegral"    />
        <result property="hadIntegral"    column="hadIntegral"    />
        <result property="consume"    column="consume"    />
        <result property="state"    column="state"    />
        <result property="deleted"    column="deleted"    />
        <result property="sort"    column="sort"    />
        <result property="createTime"    column="createTime"    />
        <result property="updateTime"    column="updateTime"    />
        <result property="term"    column="term"    />
    </resultMap>
	
	<sql id="selectLepaiLotteryVo">
        select lotteryId, goodsId, lotteryName, goodsName, goodsImage, allIntegral, hadIntegral, consume, state, deleted, sort, createTime, updateTime,term from lepai_lottery
    </sql>
	
    <select id="selectLepaiLotteryList" parameterType="LepaiLottery" resultMap="LepaiLotteryResult">
        <include refid="selectLepaiLotteryVo"/>
        <where>  
            <if test="lotteryId != null "> and lotteryId = #{lotteryId}</if>
             <if test="goodsId != null "> and goodsId = #{goodsId}</if>
             <if test="lotteryName != null and lotteryName != ''"> and lotteryName = #{lotteryName}</if>
             <if test="goodsName != null and goodsName != ''"> and goodsName = #{goodsName}</if>
             <if test="goodsImage != null and goodsImage != ''"> and goodsImage = #{goodsImage}</if>
             <if test="allIntegral != null "> and allIntegral = #{allIntegral}</if>
             <if test="hadIntegral != null "> and hadIntegral = #{hadIntegral}</if>
             <if test="consume != null "> and consume = #{consume}</if>
             <if test="state != null "> and state = #{state}</if>
             <if test="term != null and term != ''"> and term = #{term}</if>
             <if test="deleted != null "> and deleted = #{deleted}</if>
             <if test="sort != null"> and sort = #{sort}</if>
             <if test="createTime != null "> and createTime = #{createTime}</if>
             <if test="updateTime != null "> and updateTime = #{updateTime}</if>
         </where>
        <if test="orderField != null and orderField != ''">
			order by  ${orderField}  
		 </if>
    </select>
    
    
     <select id="queryPageLepaiLotteryList" parameterType="LepaiLottery" resultMap="LepaiLotteryResult">
        <include refid="selectLepaiLotteryVo"/>
        <where>  
            <if test="lotteryId != null "> and lotteryId = #{lotteryId}</if>
             <if test="goodsId != null "> and goodsId = #{goodsId}</if>
             <if test="lotteryName != null and lotteryName != ''">
                AND lotteryName like concat('%', #{lotteryName}, '%')
            </if>
            <if test="goodsName != null and goodsName != ''">
                AND goodsName like concat('%', #{goodsName}, '%')
            </if>
             <if test="goodsImage != null and goodsImage != ''"> and goodsImage = #{goodsImage}</if>
             <if test="allIntegral != null "> and allIntegral = #{allIntegral}</if>
             <if test="hadIntegral != null "> and hadIntegral = #{hadIntegral}</if>
             <if test="consume != null "> and consume = #{consume}</if>
             <if test="state != null "> and state = #{state}</if>
             <if test="term != null "> and state = #{state}</if>
             <if test="deleted != null "> and deleted = #{deleted}</if>
             <if test="sort != null "> and sort = #{sort}</if>
             <if test="createTime != null "> and createTime = #{createTime}</if>
             <if test="updateTime != null "> and updateTime = #{updateTime}</if>
         </where>
        <if test="orderField != null and orderField != ''">
			order by  ${orderField}  
		 </if>
    </select>
    
    
    <select id="selectLepaiLotteryById" parameterType="Long" resultMap="LepaiLotteryResult">
        <include refid="selectLepaiLotteryVo"/>
        where lotteryId = #{lotteryId}
    </select>
        
    <insert id="insertLepaiLottery" parameterType="LepaiLottery">
    	<selectKey resultType="Long" keyProperty="lotteryId" >
			SELECT LAST_INSERT_ID()
		</selectKey>
        insert into lepai_lottery (
							lotteryId, 
							goodsId, 
							lotteryName, 
							goodsName, 
							goodsImage, 
							allIntegral, 
							hadIntegral, 
							consume, 
							state, 
							deleted, 
							term,
							sort, 
							createTime, 
							updateTime        )values(
			#{lotteryId}, 
			#{goodsId}, 
			#{lotteryName}, 
			#{goodsName}, 
			#{goodsImage}, 
			#{allIntegral}, 
			#{hadIntegral}, 
			#{consume}, 
			#{state}, 
			#{deleted},
			#{term},
			#{sort}, 
			#{createTime}, 
			#{updateTime}		)
    </insert>
	 
    <update id="updateLepaiLottery" parameterType="LepaiLottery">
        update lepai_lottery 
        <set>
            <if test="goodsId != null ">goodsId = #{goodsId}, </if>
            <if test="lotteryName != null and lotteryName != ''">lotteryName = #{lotteryName}, </if>
            <if test="goodsName != null and goodsName != ''">goodsName = #{goodsName}, </if>
            <if test="goodsImage != null and goodsImage != ''">goodsImage = #{goodsImage}, </if>
            <if test="allIntegral != null ">allIntegral = #{allIntegral}, </if>
            <if test="hadIntegral != null ">hadIntegral = #{hadIntegral}, </if>
            <if test="consume != null ">consume = #{consume}, </if>
             <if test="term != null ">term = #{term}, </if>
            <if test="state != null ">state = #{state}, </if>
            <if test="deleted != null ">deleted = #{deleted}, </if>
            <if test="sort != null">sort = #{sort}, </if>
            <if test="createTime != null ">createTime = #{createTime}, </if>
            <if test="updateTime != null ">updateTime = #{updateTime}</if>
        </set>
        where lotteryId = #{lotteryId}
    </update>
	
	<delete id="deleteLepaiLotteryById" parameterType="Long">
        delete from lepai_lottery where lotteryId = #{lotteryId}
    </delete>
	
    <delete id="deleteLepaiLotteryByIds" parameterType="String">
        delete from lepai_lottery where lotteryId in 
        <foreach item="lotteryId" collection="array" open="(" separator="," close=")">
            #{lotteryId}
        </foreach>
    </delete>
    
    <select id="selectLepaiLotteryByCondition" parameterType="LepaiLottery" resultMap="LepaiLotteryResult">
        <include refid="selectLepaiLotteryVo"/>
        <where>  
            <if test="lotteryId != null "> and lotteryId = #{lotteryId}</if>
             <if test="goodsId != null "> and goodsId = #{goodsId}</if>
             <if test="lotteryName != null and lotteryName != ''"> and lotteryName = #{lotteryName}</if>
             <if test="goodsName != null and goodsName != ''"> and goodsName = #{goodsName}</if>
             <if test="goodsImage != null and goodsImage != ''"> and goodsImage = #{goodsImage}</if>
             <if test="allIntegral != null "> and allIntegral = #{allIntegral}</if>
             <if test="hadIntegral != null "> and hadIntegral = #{hadIntegral}</if>
             <if test="consume != null "> and consume = #{consume}</if>
             <if test="state != null "> and state = #{state}</if>
             <if test="term != null "> and term = #{term}</if>
              <if test="deleted != null "> and deleted = #{deleted}</if>
             <if test="sort != null "> and sort = #{sort}</if>
         </where>
        order by createTime desc limit 1
    </select>
    
</mapper>