<?xml version="1.0" encoding="UTF-8" ?>
<!DOCTYPE mapper
        PUBLIC "-//mybatis.org//DTD Mapper 3.0//EN"
        "http://mybatis.org/dtd/mybatis-3-mapper.dtd">
<mapper namespace="com.fmall.project.system.mallOrder.mapper.MallOrderMapper">

    <resultMap type="MallOrder" id="MallOrderResult">
        <result property="mallOrderId" column="mall_order_id"/>
        <result property="goodsId" column="goods_id"/>
        <result property="orderNo" column="orderNo"/>
        <result property="goodsName" column="goods_name"/>
        <result property="logo" column="logo"/>
        <result property="addressId" column="address_id"/>
        <result property="userId" column="user_id"/>
        <result property="phone" column="phone"/>
        <result property="avatar" column="avatar"/>
        <result property="userName" column="user_name"/>
        <result property="consignee" column="consignee"/>
        <result property="address" column="address"/>
        <result property="mobile" column="mobile"/>
        <result property="carrierId" column="carrier_id"/>
        <result property="logisticsName" column="logistics_name"/>
        <result property="logisticsCode" column="logistics_code"/>
        <result property="logisticsNo" column="logistics_no"/>
        <result property="deliverTime" column="deliver_time"/>
        <result property="priceType" column="price_type"/>
        <result property="receivingGoodsTime" column="receiving_goods_time"/>
        <result property="applyTime" column="apply_time"/>
        <result property="contractUrl" column="contract_url"/>
        <result property="acceptTime" column="accept_time"/>
        <result property="payTime" column="pay_time"/>
        <result property="supplierId" column="supplier_id"/>
        <result property="supplier" column="supplier"/>
        <result property="orderStatus" column="order_status"/>
        <result property="type" column="type"/>
        <result property="remark" column="remark"/>
        <result property="reasonRemark" column="reason_remark"/>
        <result property="goodsType" column="goods_type"/>
        <result property="orderType" column="order_type"/>
        <result property="payStatus" column="pay_status"/>
        <result property="price" column="price"/>
        <result property="integral" column="integral"/>
        <result property="costPrice" column="cost_price"/>
        <result property="deleted" column="deleted"/>
        <result property="createBy" column="create_by"/>
        <result property="createTime" column="create_time"/>
        <result property="updateBy" column="update_by"/>
        <result property="updateTime" column="update_time"/>
        <result property="complete" column="complete"/>
        <result property="contract" column="contract"/>
    </resultMap>

    <sql id="selectMallOrderVo">
        select mall_order_id,orderNo, goods_id, goods_name, logo, address_id, user_id, phone, avatar, user_name, consignee, address, mobile, carrier_id, logistics_name, logistics_code, logistics_no, deliver_time, price_type, receiving_goods_time, apply_time, contract_url, accept_time, pay_time, supplier_id, supplier, order_status, type, remark, reason_remark, goods_type, order_type, pay_status, price, integral, cost_price, deleted, create_by, create_time, update_by, update_time,complete,contract from mall_order
    </sql>

    <select id="selectMallOrderList" parameterType="MallOrder" resultMap="MallOrderResult">
        <include refid="selectMallOrderVo"/>
        <where>
            <if test="mallOrderId != null ">and mall_order_id = #{mallOrderId}</if>
            <if test="goodsId != null ">and goods_id = #{goodsId}</if>
            <if test="orderNo != null and orderNo != ''">and orderNo = #{orderNo}</if>
            <if test="goodsName != null and goodsName != ''">and goods_name = #{goodsName}</if>
            <if test="logo != null and logo != ''">and logo = #{logo}</if>
            <if test="addressId != null ">and address_id = #{addressId}</if>
            <if test="userId != null ">and user_id = #{userId}</if>
            <if test="phone != null and phone != ''">and phone = #{phone}</if>
            <if test="avatar != null and avatar != ''">and avatar = #{avatar}</if>
            <if test="userName != null and userName != ''">and user_name = #{userName}</if>
            <if test="consignee != null and consignee != ''">and consignee = #{consignee}</if>
            <if test="address != null and address != ''">and address = #{address}</if>
            <if test="mobile != null and mobile != ''">and mobile = #{mobile}</if>
            <if test="carrierId != null ">and carrier_id = #{carrierId}</if>
            <if test="logisticsName != null and logisticsName != ''">and logistics_name = #{logisticsName}</if>
            <if test="logisticsCode != null and logisticsCode != ''">and logistics_code = #{logisticsCode}</if>
            <if test="logisticsNo != null and logisticsNo != ''">and logistics_no = #{logisticsNo}</if>
            <if test="deliverTime != null ">and deliver_time = #{deliverTime}</if>
            <if test="priceType != null ">and price_type = #{priceType}</if>
            <if test="receivingGoodsTime != null and receivingGoodsTime != ''">and receiving_goods_time =
                #{receivingGoodsTime}
            </if>
            <if test="applyTime != null and applyTime != ''">and apply_time = #{applyTime}</if>
            <if test="contractUrl != null and contractUrl != ''">and contract_url = #{contractUrl}</if>
            <if test="acceptTime != null ">and accept_time = #{acceptTime}</if>
            <if test="payTime != null ">and pay_time = #{payTime}</if>
            <if test="supplierId != null ">and supplier_id = #{supplierId}</if>
            <if test="supplier != null and supplier != ''">and supplier = #{supplier}</if>
            <if test="orderStatus != null ">and order_status = #{orderStatus}</if>
            <if test="type != null ">and type = #{type}</if>
            <if test="remark != null and remark != ''">and remark = #{remark}</if>
            <if test="reasonRemark != null and reasonRemark != ''">and reason_remark = #{reasonRemark}</if>
            <if test="goodsType != null ">and goods_type = #{goodsType}</if>
            <if test="orderType != null ">and order_type = #{orderType}</if>
            <if test="payStatus != null ">and pay_status = #{payStatus}</if>
            <if test="price != null and price != ''">and price = #{price}</if>
            <if test="integral != null and integral != ''">and integral = #{integral}</if>
            <if test="costPrice != null and costPrice != ''">and cost_price = #{costPrice}</if>
            <if test="deleted != null ">and deleted = #{deleted}</if>
            <if test="createBy != null and createBy != ''">and create_by = #{createBy}</if>
            <if test="createTime != null ">and create_time = #{createTime}</if>
            <if test="updateBy != null and updateBy != ''">and update_by = #{updateBy}</if>
            <if test="updateTime != null ">and update_time = #{updateTime}</if>
            <if test="complete != null ">and complete = #{complete}</if>
            <if test="contract != null ">and contract = #{contract}</if>
        </where>
        <choose>
            <when test="orderField != null and orderField != ''">
                order by ${orderField}
            </when>
            <otherwise>
                order by create_time desc
            </otherwise>
        </choose>
    </select>



    <select id="queryPageMallOrderList" parameterType="MallOrder" resultMap="MallOrderResult">
        <include refid="selectMallOrderVo"/>
        <where>
            <if test="goodsNameId != null and goodsNameId != ''">
                and (goods_name like CONCAT('%',#{goodsNameId},'%') or goods_id = #{goodsNameId})
            </if>
            <if test="buyerNamePhone != null and buyerNamePhone != ''">
                and (phone like CONCAT('%',#{buyerNamePhone},'%') or user_name like CONCAT('%',#{buyerNamePhone},'%'))
            </if>
            <if test="mallOrderId != null ">and mall_order_id = #{mallOrderId}</if>
            <if test="goodsId != null ">and goods_id = #{goodsId}</if>
            <if test="orderNo != null and orderNo != ''">and orderNo = #{orderNo}</if>
            <if test="goodsName != null and goodsName != ''">and goods_name = #{goodsName}</if>
            <if test="logo != null and logo != ''">and logo = #{logo}</if>
            <if test="addressId != null ">and address_id = #{addressId}</if>
            <if test="userId != null ">and user_id = #{userId}</if>
            <if test="phone != null and phone != ''">and phone = #{phone}</if>
            <if test="avatar != null and avatar != ''">and avatar = #{avatar}</if>
            <if test="userName != null and userName != ''">and user_name = #{userName}</if>
            <if test="consignee != null and consignee != ''">and consignee = #{consignee}</if>
            <if test="address != null and address != ''">and address = #{address}</if>
            <if test="mobile != null and mobile != ''">and mobile = #{mobile}</if>
            <if test="carrierId != null ">and carrier_id = #{carrierId}</if>
            <if test="logisticsName != null and logisticsName != ''">and logistics_name = #{logisticsName}</if>
            <if test="logisticsCode != null and logisticsCode != ''">and logistics_code = #{logisticsCode}</if>
            <if test="logisticsNo != null and logisticsNo != ''">and logistics_no = #{logisticsNo}</if>
            <if test="deliverTime != null ">and deliver_time = #{deliverTime}</if>
            <if test="priceType != null ">and price_type = #{priceType}</if>
            <if test="receivingGoodsTime != null and receivingGoodsTime != ''">and receiving_goods_time =
                #{receivingGoodsTime}
            </if>
            <if test="applyTime != null and applyTime != ''">and apply_time = #{applyTime}</if>
            <if test="contractUrl != null and contractUrl != ''">and contract_url = #{contractUrl}</if>
            <if test="acceptTime != null ">and accept_time = #{acceptTime}</if>
            <if test="payTime != null ">and pay_time = #{payTime}</if>
            <if test="supplierId != null ">and supplier_id = #{supplierId}</if>
            <if test="supplier != null and supplier != ''">and supplier = #{supplier}</if>
            <if test="orderStatus != null ">and order_status = #{orderStatus}</if>
            <if test="type != null ">and type = #{type}</if>
            <if test="remark != null and remark != ''">
                and remark like CONCAT('%',#{remark},'%')
            </if>
            <if test="reasonRemark != null and reasonRemark != ''">and reason_remark = #{reasonRemark}</if>
            <if test="goodsType != null ">and goods_type = #{goodsType}</if>
            <if test="orderType != null ">and order_type = #{orderType}</if>
            <if test="payStatus != null ">and pay_status = #{payStatus}</if>
            <if test="price != null and price != ''">and price = #{price}</if>
            <if test="integral != null and integral != ''">and integral = #{integral}</if>
            <if test="costPrice != null and costPrice != ''">and cost_price = #{costPrice}</if>
            <if test="deleted != null ">and deleted = #{deleted}</if>
            <if test="createBy != null and createBy != ''">and create_by = #{createBy}</if>
            <if test="createTime != null ">and create_time = #{createTime}</if>
            <if test="updateBy != null and updateBy != ''">and update_by = #{updateBy}</if>
            <if test="updateTime != null ">and update_time = #{updateTime}</if>
            <if test="complete != null ">and complete = #{complete}</if>
            <if test="contract != null ">and contract = #{contract}</if>
            <if test="startCreateTime !=null and startCreateTime !='' ">
                <![CDATA[ and create_time  >=  #{startCreateTime}  ]]>
            </if>
            <if test="endCreateTime !=null and endCreateTime!='' ">
                <![CDATA[ and create_time <=  #{endCreateTime}  ]]>
            </if>
        </where>
        <choose>
            <when test="orderField != null and orderField != ''">
                order by ${orderField}
            </when>
            <otherwise>
                order by create_time desc
            </otherwise>
        </choose>
    </select>

<select id="getMalllOrderIntegralAmount" parameterType="Long" resultType="java.math.BigDecimal">
        SELECT
        IFNULL(SUM(integral),0)
        FROM
        `mall_order`
        WHERE
        user_id = #{userId}
         and  order_status in (1,2,3)
         and price_type in (2,3)
         and order_type = 1
         and goods_type = 1
    </select>

<select id="getMallOrderCloseanaccount" parameterType="Long" resultType="java.math.BigDecimal">
        SELECT
        IFNULL(SUM(cost_price),0)
        FROM
        `mall_order`
        WHERE 
        user_id = #{userId}
        and  goods_type = 1 and contract =1 and  order_type = 1
    </select>
    <select id="getCloseAmountScwxzfqd" parameterType="Long" resultMap="MallOrderResult">
       <include refid="selectMallOrderVo"/>
        WHERE
        user_id = #{userId}
         and type in (2,3) 
         and  order_status in (1,2,3)
         and price_type in (2,3)
         and goods_type = 1
    </select>
    
    <select id="getCloseAmountDjpqd" parameterType="Long" resultMap="MallOrderResult">
       <include refid="selectMallOrderVo"/>
        WHERE
        user_id = #{userId}
         and  order_status in (1,2,3)
         and price_type in (2,3)
         and order_type = 1
         and goods_type = 1
    </select>
    
    
    
    <select id="getCloseAmountSchgqd" parameterType="Long" resultMap="MallOrderResult">
       <include refid="selectMallOrderVo"/>
        WHERE
        user_id = #{userId}
         and order_status =  1 
         and goods_type = 2
    </select>
 
    <select id="selectMallOrderById" parameterType="Long" resultMap="MallOrderResult">
        <include refid="selectMallOrderVo"/>
        where mall_order_id = #{mallOrderId}
    </select>

    <insert id="insertMallOrder" parameterType="MallOrder">
        <selectKey resultType="Long" keyProperty="mallOrderId">
            SELECT LAST_INSERT_ID()
        </selectKey>
        insert into mall_order (
        mall_order_id,
        orderNo,
        goods_id,
        goods_name,
        logo,
        address_id,
        user_id,
        phone,
        avatar,
        user_name,
        consignee,
        address,
        mobile,
        carrier_id,
        logistics_name,
        logistics_code,
        logistics_no,
        deliver_time,
        price_type,
        receiving_goods_time,
        apply_time,
        contract_url,
        accept_time,
        pay_time,
        supplier_id,
        supplier,
        order_status,
        type,
        remark,
        reason_remark,
        goods_type,
        order_type,
        pay_status,
        price,
        integral,
        cost_price,
        deleted,
        create_by,
        create_time,
        update_by,
        complete,
        contract,
        update_time )values(
        #{mallOrderId},
        #{orderNo},
        #{goodsId},
        #{goodsName},
        #{logo},
        #{addressId},
        #{userId},
        #{phone},
        #{avatar},
        #{userName},
        #{consignee},
        #{address},
        #{mobile},
        #{carrierId},
        #{logisticsName},
        #{logisticsCode},
        #{logisticsNo},
        #{deliverTime},
        #{priceType},
        #{receivingGoodsTime},
        #{applyTime},
        #{contractUrl},
        #{acceptTime},
        #{payTime},
        #{supplierId},
        #{supplier},
        #{orderStatus},
        #{type},
        #{remark},
        #{reasonRemark},
        #{goodsType},
        #{orderType},
        #{payStatus},
        #{price},
        #{integral},
        #{costPrice},
        0,
        #{createBy},
        now(),
        #{updateBy},
        0,
        0,
        #{updateTime} )
    </insert>

    <update id="updateMallOrder" parameterType="MallOrder">
        update mall_order
        <set>
            <if test="goodsId != null ">goods_id = #{goodsId},</if>
            <if test="orderNo != null and orderNo != ''">orderNo = #{orderNo},</if>
            <if test="goodsName != null and goodsName != ''">goods_name = #{goodsName},</if>
            <if test="logo != null and logo != ''">logo = #{logo},</if>
            <if test="addressId != null ">address_id = #{addressId},</if>
            <if test="userId != null ">user_id = #{userId},</if>
            <if test="phone != null and phone != ''">phone = #{phone},</if>
            <if test="avatar != null and avatar != ''">avatar = #{avatar},</if>
            <if test="userName != null and userName != ''">user_name = #{userName},</if>
            <if test="consignee != null and consignee != ''">consignee = #{consignee},</if>
            <if test="address != null and address != ''">address = #{address},</if>
            <if test="mobile != null and mobile != ''">mobile = #{mobile},</if>
            <if test="carrierId != null ">carrier_id = #{carrierId},</if>
            <if test="logisticsName != null and logisticsName != ''">logistics_name = #{logisticsName},</if>
            <if test="logisticsCode != null and logisticsCode != ''">logistics_code = #{logisticsCode},</if>
            <if test="logisticsNo != null and logisticsNo != ''">logistics_no = #{logisticsNo},</if>
            <if test="deliverTime != null ">deliver_time = #{deliverTime},</if>
            <if test="priceType != null ">price_type = #{priceType},</if>
            <if test="receivingGoodsTime != null and receivingGoodsTime != ''">receiving_goods_time =
                #{receivingGoodsTime},
            </if>
            <if test="applyTime != null">apply_time = #{applyTime},</if>
            <if test="contractUrl != null and contractUrl != ''">contract_url = #{contractUrl},</if>
            <if test="acceptTime != null ">accept_time = #{acceptTime},</if>
            <if test="payTime != null ">pay_time = #{payTime},</if>
            <if test="supplierId != null ">supplier_id = #{supplierId},</if>
            <if test="supplier != null and supplier != ''">supplier = #{supplier},</if>
            <if test="orderStatus != null ">order_status = #{orderStatus},</if>
            <if test="type != null ">type = #{type},</if>
            <if test="remark != null and remark != ''">remark = #{remark},</if>
            <if test="reasonRemark != null and reasonRemark != ''">reason_remark = #{reasonRemark},</if>
            <if test="goodsType != null ">goods_type = #{goodsType},</if>
            <if test="orderType != null ">order_type = #{orderType},</if>
            <if test="payStatus != null ">pay_status = #{payStatus},</if>
            <if test="price != null and price != ''">price = #{price},</if>
            <if test="integral != null and integral != ''">integral = #{integral},</if>
            <if test="costPrice != null and costPrice != ''">cost_price = #{costPrice},</if>
            <if test="deleted != null ">deleted = #{deleted},</if>
            <if test="createBy != null and createBy != ''">create_by = #{createBy},</if>
            <if test="createTime != null ">create_time = #{createTime},</if>
            <if test="updateBy != null and updateBy != ''">update_by = #{updateBy},</if>
            <if test="updateTime != null ">update_time = #{updateTime},</if>
            <if test="complete != null ">complete = #{complete},</if>
            <if test="contract != null ">contract = #{contract}</if>
        </set>
        where mall_order_id = #{mallOrderId}
    </update>
    <update id="banchAcceptAuction" parameterType="String">
        update  mall_order set order_type = 2,accept_time = now(),update_time=now()
        where mall_order_id in
        <foreach item="mallOrderId" collection="array" open="(" separator="," close=")">
            #{mallOrderId}
        </foreach>
and order_type = 1 and order_status = 1
    </update>

    <delete id="deleteMallOrderById" parameterType="Long">
        delete from mall_order where mall_order_id = #{mallOrderId}
    </delete>

    <delete id="deleteMallOrderByIds" parameterType="String">
        delete from mall_order where mall_order_id in
        <foreach item="mallOrderId" collection="array" open="(" separator="," close=")">
            #{mallOrderId}
        </foreach>
    </delete>

    <select id="selectMallOrderOne" parameterType="MallOrder" resultMap="MallOrderResult">
        <include refid="selectMallOrderVo"/>
        <where>
            <if test="mallOrderId != null ">and mall_order_id = #{mallOrderId}</if>
            <if test="goodsId != null">and goods_id = #{goodsId}</if>
            <if test="userId != null ">and user_id = #{userId}</if>
            <if test="orderNo != null and orderNo != ''">and orderNo = #{orderNo}</if>
            <if test="mobile != null and mobile != ''">and mobile = #{mobile}</if>
            <if test="type != null">and type = #{type}</if>
            <if test="goodsType != null">and goods_type = #{goodsType}</if>
            <if test="orderType != null">and order_type = #{orderType}</if>
            <if test="orderStatus != null ">and order_status = #{orderStatus}</if>
            <if test="payStatus != null ">and pay_status = #{payStatus}</if>
            <if test="complete != null ">and complete = #{complete}</if>
            <if test="contract != null ">and contract = #{contract}</if>
        </where>
        <if test="orderField != null and orderField != ''">
            order by ${orderField}
        </if>
        limit 1
    </select>
    <select id="getMalllOrderAmount" parameterType="Long" resultType="java.math.BigDecimal">
        SELECT
        IFNULL(SUM(price),0)
        FROM
        mall_order
        WHERE
        user_id = #{userId}
         and type in (2,3) 
         and  order_status in (1,2,3)
         and price_type in (2,3)
    </select>
    
    <select id="selectOrderIdList" resultType="java.lang.Long" parameterType="map">
        select mall_order_id from mall_order where deleted = 0
        <if test="type != null and type == 1">
            and create_time &lt;= #{time} and order_status = 0 and pay_status = 0
        </if>
        <if test="type != null and type == 2">
            and deliver_time &lt;= #{time} and order_status = 2
        </if>
    </select>
    <select id="getOneByquery" parameterType="MallOrder" resultMap="MallOrderResult">
        <include refid="selectMallOrderVo"/>
        <where>
            <if test="mallOrderId != null ">and mall_order_id = #{mallOrderId}</if>
            <if test="goodsId != null ">and goods_id = #{goodsId}</if>
            <if test="orderNo != null and orderNo != ''">and orderNo = #{orderNo}</if>
            <if test="goodsName != null and goodsName != ''">and goods_name = #{goodsName}</if>
            <if test="logo != null and logo != ''">and logo = #{logo}</if>
            <if test="addressId != null ">and address_id = #{addressId}</if>
            <if test="userId != null ">and user_id = #{userId}</if>
            <if test="phone != null and phone != ''">and phone = #{phone}</if>
            <if test="avatar != null and avatar != ''">and avatar = #{avatar}</if>
            <if test="userName != null and userName != ''">and user_name = #{userName}</if>
            <if test="consignee != null and consignee != ''">and consignee = #{consignee}</if>
            <if test="address != null and address != ''">and address = #{address}</if>
            <if test="mobile != null and mobile != ''">and mobile = #{mobile}</if>
            <if test="carrierId != null ">and carrier_id = #{carrierId}</if>
            <if test="logisticsName != null and logisticsName != ''">and logistics_name = #{logisticsName}</if>
            <if test="logisticsCode != null and logisticsCode != ''">and logistics_code = #{logisticsCode}</if>
            <if test="logisticsNo != null and logisticsNo != ''">and logistics_no = #{logisticsNo}</if>
            <if test="deliverTime != null ">and deliver_time = #{deliverTime}</if>
            <if test="priceType != null ">and price_type = #{priceType}</if>
            <if test="receivingGoodsTime != null and receivingGoodsTime != ''">and receiving_goods_time =
                #{receivingGoodsTime}
            </if>
            <if test="applyTime != null and applyTime != ''">and apply_time = #{applyTime}</if>
            <if test="contractUrl != null and contractUrl != ''">and contract_url = #{contractUrl}</if>
            <if test="acceptTime != null ">and accept_time = #{acceptTime}</if>
            <if test="payTime != null ">and pay_time = #{payTime}</if>
            <if test="supplierId != null ">and supplier_id = #{supplierId}</if>
            <if test="supplier != null and supplier != ''">and supplier = #{supplier}</if>
            <if test="orderStatus != null ">and order_status = #{orderStatus}</if>
            <if test="type != null ">and type = #{type}</if>
            <if test="remark != null and remark != ''">and remark = #{remark}</if>
            <if test="reasonRemark != null and reasonRemark != ''">and reason_remark = #{reasonRemark}</if>
            <if test="goodsType != null ">and goods_type = #{goodsType}</if>
            <if test="orderType != null ">and order_type = #{orderType}</if>
            <if test="payStatus != null ">and pay_status = #{payStatus}</if>
            <if test="price != null and price != ''">and price = #{price}</if>
            <if test="integral != null and integral != ''">and integral = #{integral}</if>
            <if test="costPrice != null and costPrice != ''">and cost_price = #{costPrice}</if>
            <if test="deleted != null ">and deleted = #{deleted}</if>
            <if test="createBy != null and createBy != ''">and create_by = #{createBy}</if>
            <if test="createTime != null ">and create_time = #{createTime}</if>
            <if test="updateBy != null and updateBy != ''">and update_by = #{updateBy}</if>
            <if test="updateTime != null ">and update_time = #{updateTime}</if>
            <if test="complete != null ">and complete = #{complete}</if>
            <if test="contract != null ">and contract = #{contract}</if>
        </where>
        <choose>
            <when test="orderField != null and orderField != ''">
                order by ${orderField}
            </when>
            <otherwise>
                order by create_time desc
            </otherwise>
        </choose>
        limit 1
    </select>

	 <select id="selectMallOrderCountByUserId" parameterType="Long" resultType="Integer">
        select count(1) from mall_order
		where to_days(create_time) = to_days(now()) and user_id = #{userId} and 
		goods_type = 1 and order_status &lt; 4 and pay_status &lt; 2 and 
		order_type &lt; 2
    </select>
    
     
    <select id="selectMallOrderCountByUserIdNew" parameterType="Long" resultType="Integer">
		select count(1) from mall_order
		where  user_id =  #{userId} and 
	<![CDATA[	goods_type = 1 and order_status < 4 and pay_status != 2 ]]>
    </select>
</mapper>