<?xml version="1.0" encoding="UTF-8" ?>
<!DOCTYPE mapper
        PUBLIC "-//mybatis.org//DTD Mapper 3.0//EN"
        "http://mybatis.org/dtd/mybatis-3-mapper.dtd">
<mapper namespace="com.fmall.project.system.mallGoodsInfo.mapper.MallGoodsInfoMapper">

    <resultMap type="MallGoodsInfo" id="MallGoodsInfoResult">
        <result property="goodsId" column="goods_id"/>
        <result property="goodsType" column="goods_type"/>
        <result property="goodsName" column="goods_name"/>
        <result property="description" column="description"/>
        <result property="costPrice" column="cost_price"/>
        <result property="assessPrice" column="assess_price"/>
        <result property="sort" column="sort"/>
        <result property="logo" column="logo"/>
        <result property="headImage" column="head_image"/>
        <result property="supplierId" column="supplier_id"/>
        <result property="supplier" column="supplier"/>
        <result property="priceType" column="price_type"/>
        <result property="price" column="price"/>
        <result property="integral" column="integral"/>
        <result property="inventory" column="inventory"/>
        <result property="soldNum" column="sold_num"/>
        <result property="upperTime" column="upper_time"/>
        <result property="status" column="status"/>
        <result property="boutique" column="boutique"/>
        <result property="categoryId" column="category_id"/>
        <result property="deleted" column="deleted"/>
        <result property="createBy" column="create_by"/>
        <result property="createTime" column="create_time"/>
        <result property="updateBy" column="update_by"/>
        <result property="updateTime" column="update_time"/>
    </resultMap>

    <sql id="selectMallGoodsInfoVo">
        select goods_id, goods_type, goods_name, description, cost_price, assess_price, sort, logo, head_image, supplier_id, supplier, price_type, price, integral, inventory, sold_num, upper_time,boutique, status, category_id, deleted, create_by, create_time, update_by, update_time from mall_goods_info
    </sql>

    <select id="selectMallGoodsInfoList" parameterType="MallGoodsInfo" resultMap="MallGoodsInfoResult">
        <include refid="selectMallGoodsInfoVo"/>
        <where>
            <if test="goodsId != null and goodsId != ''">and goods_id = #{goodsId}</if>
            <if test="goodsType != null and goodsType != ''">and goods_type = #{goodsType}</if>
            <if test="goodsName != null and goodsName != ''">and goods_name = #{goodsName}</if>
            <if test="description != null and description != ''">and description = #{description}</if>
            <if test="costPrice != null and costPrice != ''">and cost_price = #{costPrice}</if>
            <if test="assessPrice != null and assessPrice != ''">and assess_price = #{assessPrice}</if>
            <if test="sort != null ">and sort = #{sort}</if>
            <if test="logo != null and logo != ''">and logo = #{logo}</if>
            <if test="headImage != null and headImage != ''">and head_image = #{headImage}</if>
            <if test="supplierId != null ">and supplier_id = #{supplierId}</if>
            <if test="supplier != null and supplier != ''">and supplier = #{supplier}</if>
            <if test="priceType != null and priceType != ''">and price_type = #{priceType}</if>
            <if test="price != null and price != ''">and price = #{price}</if>
            <if test="integral != null and integral != ''">and integral = #{integral}</if>
            <if test="inventory != null and inventory != ''">and inventory = #{inventory}</if>
            <if test="soldNum != null ">and sold_num = #{soldNum}</if>
            <if test="upperTime != null ">and upper_time = #{upperTime}</if>
            <if test="status != null ">and status = #{status}</if>
            <if test="boutique != null ">and boutique = #{boutique}</if>
            <if test="categoryId != null and categoryId != ''">and category_id = #{categoryId}</if>
            <if test="deleted != null ">and deleted = #{deleted}</if>
            <if test="createBy != null and createBy != ''">and create_by = #{createBy}</if>
            <if test="createTime != null">and create_time = #{createTime}</if>
            <if test="updateBy != null and updateBy != ''">and update_by = #{updateBy}</if>
            <if test="updateTime != null ">and update_time = #{updateTime}</if>
        </where>
        <choose>
            <when test="orderField != null and orderField != ''">
                order by ${orderField}
            </when>
            <otherwise>
                order by create_time desc
            </otherwise>
        </choose>
    </select>


    <select id="queryPageMallGoodsInfoList" parameterType="MallGoodsInfo" resultMap="MallGoodsInfoResult">
        <include refid="selectMallGoodsInfoVo"/>
        <where>
            <if test="goodsId != null ">and goods_id = #{goodsId}</if>
            <if test="goodsType != null ">and goods_type = #{goodsType}</if>
            <if test="goodsName != null and goodsName != ''">
                and goods_name like CONCAT('%',#{goodsName},'%')
            </if>
            <if test="description != null and description != ''">and description = #{description}</if>
            <if test="costPrice != null ">and cost_price = #{costPrice}</if>
            <if test="assessPrice != null ">and assess_price = #{assessPrice}</if>
            <if test="sort != null ">and sort = #{sort}</if>
            <if test="logo != null and logo != ''">and logo = #{logo}</if>
            <if test="headImage != null and headImage != ''">and head_image = #{headImage}</if>
            <if test="supplierId != null ">and supplier_id = #{supplierId}</if>
            <if test="supplier != null and supplier != ''">and supplier = #{supplier}</if>
            <if test="priceType != null ">and price_type = #{priceType}</if>
            <if test="price != null ">and price = #{price}</if>
            <if test="integral != null ">and integral = #{integral}</if>
            <if test="inventory != null and inventory != ''">and inventory = #{inventory}</if>
            <if test="soldNum != null ">and sold_num = #{soldNum}</if>
            <if test="upperTime != null ">and upper_time = #{upperTime}</if>
            <if test="status != null ">and status = #{status}</if>
            <if test="boutique != null ">and boutique = #{boutique}</if>
            <if test="categoryId != null ">and category_id = #{categoryId}</if>
            <if test="deleted != null ">and deleted = #{deleted}</if>
            <if test="createBy != null  and createBy != '' ">and create_by = #{createBy}</if>
            <if test="sstartTime != null and sstartTime != '' ">
                and create_time <![CDATA[>=]]> #{sstartTime}
            </if>
            <if test="eendTime != null and eendTime != ''">
                and create_time <![CDATA[<=]]> #{eendTime}
            </if>
            <if test="updateBy != null and updateBy != '' ">and update_by = #{updateBy}</if>
            <if test="updateTime != null ">and update_time = #{updateTime}</if>
        </where>
        <choose>
            <when test="orderField != null and orderField != ''">
                order by ${orderField}
            </when>
            <otherwise>
                order by create_time desc
            </otherwise>
        </choose>
    </select>


    <select id="selectMallGoodsInfoById" parameterType="Long" resultMap="MallGoodsInfoResult">
        <include refid="selectMallGoodsInfoVo"/>
        where goods_id = #{goodsId}
    </select>

    <insert id="insertMallGoodsInfo" parameterType="MallGoodsInfo">
        <selectKey resultType="Long" keyProperty="goodsId">
            SELECT LAST_INSERT_ID()
        </selectKey>
        insert into mall_goods_info (
        goods_id,
        goods_type,
        goods_name,
        description,
        cost_price,
        assess_price,
        sort,
        logo,
        head_image,
        supplier_id,
        supplier,
        price_type,
        price,
        integral,
        inventory,
        sold_num,
        upper_time,
        status,
        boutique,
        category_id,
        deleted,
        create_by,
        create_time,
        update_by,
        update_time )values(
        #{goodsId},
        #{goodsType},
        #{goodsName},
        #{description},
        #{costPrice},
        #{assessPrice},
        #{sort},
        #{logo},
        #{headImage},
        #{supplierId},
        #{supplier},
        #{priceType},
        #{price},
        #{integral},
        #{inventory},
        #{soldNum},
        #{upperTime},
        #{status},
        #{boutique},
        #{categoryId},
        0,
        #{createBy},
        now(),
        #{updateBy},
        #{updateTime} )
    </insert>

    <update id="updateMallGoodsInfo" parameterType="MallGoodsInfo">
        update mall_goods_info
        <set>
            <if test="goodsType != null ">goods_type = #{goodsType},</if>
            <if test="goodsName != null ">goods_name = #{goodsName},</if>
            <if test="description != null and description != ''">description = #{description},</if>
            <if test="costPrice != null and costPrice != ''">cost_price = #{costPrice},</if>
            <if test="assessPrice != null and assessPrice != ''">assess_price = #{assessPrice},</if>
            <if test="sort != null ">sort = #{sort},</if>
            <if test="logo != null and logo != ''">logo = #{logo},</if>
            <if test="headImage != null and headImage != ''">head_image = #{headImage},</if>
            <if test="supplierId != null ">supplier_id = #{supplierId},</if>
            <if test="supplier != null and supplier != ''">supplier = #{supplier},</if>
            <if test="priceType != null ">price_type = #{priceType},</if>
            <if test="price != null ">price = #{price},</if>
            <if test="integral != null ">integral = #{integral},</if>
            <if test="inventory != null ">inventory = #{inventory},</if>
            <if test="soldNum != null ">sold_num = #{soldNum},</if>
            <if test="upperTime != null ">upper_time = #{upperTime},</if>
            <if test="status != null ">status = #{status},</if>
            <if test="boutique != null ">boutique = #{boutique},</if>
            <if test="categoryId != null ">category_id = #{categoryId},</if>
            <if test="deleted != null ">deleted = #{deleted},</if>
            <if test="createBy != null and createBy != ''">create_by = #{createBy},</if>
            <if test="createTime != null">create_time = #{createTime},</if>
            <if test="updateBy != null and updateBy != ''">update_by = #{updateBy},</if>
            <if test="updateTime != null ">update_time = #{updateTime}</if>
        </set>
        where goods_id = #{goodsId}
    </update>

    <delete id="deleteMallGoodsInfoById" parameterType="Long">
        delete from mall_goods_info where goods_id = #{goodsId}
    </delete>

    <delete id="deleteMallGoodsInfoByIds" parameterType="String">
        delete from mall_goods_info where goods_id in
        <foreach item="goodsId" collection="array" open="(" separator="," close=")">
            #{goodsId}
        </foreach>
    </delete>

</mapper>