<?xml version="1.0" encoding="UTF-8" ?>
<!DOCTYPE mapper
        PUBLIC "-//mybatis.org//DTD Mapper 3.0//EN"
        "http://mybatis.org/dtd/mybatis-3-mapper.dtd">
<mapper namespace="com.fmall.project.system.mallGoodsDetail.mapper.MallGoodsDetailMapper">

    <resultMap type="MallGoodsDetail" id="MallGoodsDetailResult">
        <result property="goodsId" column="goods_id"/>
        <result property="goodsDetail" column="goods_detail"/>
        <result property="deleted" column="deleted"/>
        <result property="createBy" column="create_by"/>
        <result property="status" column="status"/>
        <result property="createTime" column="create_time"/>
        <result property="updateBy" column="update_by"/>
        <result property="updateTime" column="update_time"/>
    </resultMap>

    <sql id="selectMallGoodsDetailVo">
        select goods_id, goods_detail, deleted, create_by, status, create_time, update_by, update_time from mall_goods_detail
    </sql>

    <select id="selectMallGoodsDetailList" parameterType="MallGoodsDetail" resultMap="MallGoodsDetailResult">
        <include refid="selectMallGoodsDetailVo"/>
        <where>
            <if test="goodsId != null ">and goods_id = #{goodsId}</if>
            <if test="goodsDetail != null and goodsDetail != ''">and goods_detail = #{goodsDetail}</if>
            <if test="deleted != null ">and deleted = #{deleted}</if>
            <if test="createBy != null and createBy != ''">and create_by = #{createBy}</if>
            <if test="status != null ">and status = #{status}</if>
            <if test="createTime != null ">and create_time = #{createTime}</if>
            <if test="updateBy != null and updateBy != ''">and update_by = #{updateBy}</if>
            <if test="updateTime != null ">and update_time = #{updateTime}</if>
        </where>
        <choose>
            <when test="orderField != null and orderField != ''">
                order by ${orderField}
            </when>
            <otherwise>
                order by create_time desc
            </otherwise>
        </choose>
    </select>


    <select id="queryPageMallGoodsDetailList" parameterType="MallGoodsDetail" resultMap="MallGoodsDetailResult">
        <include refid="selectMallGoodsDetailVo"/>
        <where>
            <if test="goodsId != null ">and goods_id = #{goodsId}</if>
            <if test="goodsDetail != null and goodsDetail != ''">and goods_detail = #{goodsDetail}</if>
            <if test="deleted != null ">and deleted = #{deleted}</if>
            <if test="createBy != null and createBy != ''">and create_by = #{createBy}</if>
            <if test="status != null ">and status = #{status}</if>
            <if test="createTime != null ">and create_time = #{createTime}</if>
            <if test="updateBy != null and updateBy != ''">and update_by = #{updateBy}</if>
            <if test="updateTime != null ">and update_time = #{updateTime}</if>
        </where>
        <choose>
            <when test="orderField != null and orderField != ''">
                order by ${orderField}
            </when>
            <otherwise>
                order by create_time desc
            </otherwise>
        </choose>
    </select>


    <select id="selectMallGoodsDetailById" parameterType="Long" resultMap="MallGoodsDetailResult">
        <include refid="selectMallGoodsDetailVo"/>
        where goods_id = #{goodsId}
    </select>

    <insert id="insertMallGoodsDetail" parameterType="MallGoodsDetail">
        insert into mall_goods_detail (
							goods_id, 
							goods_detail, 
							deleted, 
							create_by, 
							status, 
							create_time, 
							update_by, 
							update_time        )values(
			#{goodsId}, 
			#{goodsDetail}, 
			0, 
			#{createBy}, 
			#{status}, 
			now(), 
			#{updateBy}, 
			#{updateTime}		)
    </insert>

    <update id="updateMallGoodsDetail" parameterType="MallGoodsDetail">
        update mall_goods_detail
        <set>
            <if test="goodsDetail != null and goodsDetail != ''">goods_detail = #{goodsDetail},</if>
            <if test="deleted != null ">deleted = #{deleted},</if>
            <if test="createBy != null ">create_by = #{createBy},</if>
            <if test="status != null ">status = #{status},</if>
            <if test="createTime != null ">create_time = #{createTime},</if>
            <if test="updateBy != null and updateBy != ''">update_by = #{updateBy},</if>
            <if test="updateTime != null ">update_time = #{updateTime}</if>
        </set>
        where goods_id = #{goodsId}
    </update>

    <delete id="deleteMallGoodsDetailById" parameterType="Long">
        delete from mall_goods_detail where goods_id = #{goodsId}
    </delete>

    <delete id="deleteMallGoodsDetailByIds" parameterType="String">
        delete from mall_goods_detail where goods_id in
        <foreach item="goodsId" collection="array" open="(" separator="," close=")">
            #{goodsId}
        </foreach>
    </delete>

</mapper>