<?xml version="1.0" encoding="UTF-8" ?>
<!DOCTYPE mapper
        PUBLIC "-//mybatis.org//DTD Mapper 3.0//EN"
        "http://mybatis.org/dtd/mybatis-3-mapper.dtd">
<mapper namespace="com.fmall.project.system.member.mapper.MemberAddressMapper">

    <resultMap type="MemberAddress" id="MemberAddressResult">
        <result property="addressId" column="address_id"/>
        <result property="userId" column="user_id"/>
        <result property="consignee" column="consignee"/>
        <result property="province" column="province"/>
        <result property="city" column="city"/>
        <result property="district" column="district"/>
        <result property="street" column="street"/>
        <result property="address" column="address"/>
        <result property="mobile" column="mobile"/>
        <result property="tolerant" column="tolerant"/>
        <result property="deleted" column="deleted"/>
        <result property="createBy" column="create_by"/>
        <result property="createTime" column="create_time"/>
        <result property="updateBy" column="update_by"/>
        <result property="updateTime" column="update_time"/>
    </resultMap>

    <sql id="selectMemberAddressVo">
        select address_id, user_id, consignee, province, city, district, street, address, mobile, tolerant, deleted, create_by, create_time, update_by, update_time from member_address
    </sql>

    <select id="selectMemberAddressList" parameterType="MemberAddress" resultMap="MemberAddressResult">
        <include refid="selectMemberAddressVo"/>
        <where>
            <if test="addressId != null ">and address_id = #{addressId}</if>
            <if test="userId != null ">and user_id = #{userId}</if>
            <if test="consignee != null and consignee != ''">and consignee = #{consignee}</if>
            <if test="province != null and province != ''">and province = #{province}</if>
            <if test="city != null and city != ''">and city = #{city}</if>
            <if test="district != null and district != ''">and district = #{district}</if>
            <if test="street != null and street != ''">and street = #{street}</if>
            <if test="address != null and address != ''">and address = #{address}</if>
            <if test="mobile != null and mobile != ''">and mobile = #{mobile}</if>
            <if test="tolerant != null">and tolerant = #{tolerant}</if>
            <if test="deleted != null">and deleted = #{deleted}</if>
            <if test="createBy != null and createBy != ''">and create_by = #{createBy}</if>
            <if test="createTime != null ">and create_time = #{createTime}</if>
            <if test="updateBy != null and updateBy != ''">and update_by = #{updateBy}</if>
            <if test="updateTime != null ">and update_time = #{updateTime}</if>
        </where>
        <choose>
            <when test="orderField != null and orderField != ''">
                order by ${orderField}
            </when>
            <otherwise>
                order by create_time desc
            </otherwise>
        </choose>
    </select>


    <select id="queryPageMemberAddressList" parameterType="MemberAddress" resultMap="MemberAddressResult">
        <include refid="selectMemberAddressVo"/>
        <where>
            <if test="addressId != null ">and address_id = #{addressId}</if>
            <if test="userId != null ">and user_id = #{userId}</if>
            <if test="consignee != null and consignee != ''">and consignee = #{consignee}</if>
            <if test="province != null and province != ''">and province = #{province}</if>
            <if test="city != null and city != ''">and city = #{city}</if>
            <if test="district != null and district != ''">and district = #{district}</if>
            <if test="street != null and street != ''">and street = #{street}</if>
            <if test="address != null and address != ''">and address = #{address}</if>
            <if test="mobile != null and mobile != ''">and mobile = #{mobile}</if>
            <if test="tolerant != null">and tolerant = #{tolerant}</if>
            <if test="deleted != null">and deleted = #{deleted}</if>
            <if test="createBy != null and createBy != ''">and create_by = #{createBy}</if>
            <if test="createTime != null ">and create_time = #{createTime}</if>
            <if test="updateBy != null and updateBy != ''">and update_by = #{updateBy}</if>
            <if test="updateTime != null ">and update_time = #{updateTime}</if>
        </where>
        <choose>
            <when test="orderField != null and orderField != ''">
                order by ${orderField}
            </when>
            <otherwise>
                order by create_time desc
            </otherwise>
        </choose>
    </select>


    <select id="selectMemberAddressById" parameterType="Long" resultMap="MemberAddressResult">
        <include refid="selectMemberAddressVo"/>
        where address_id = #{addressId}
    </select>

    <insert id="insertMemberAddress" parameterType="MemberAddress">
        insert into member_address (
							address_id, 
							user_id, 
							consignee, 
							province, 
							city, 
							district, 
							street, 
							address, 
							mobile, 
							tolerant, 
							deleted, 
							create_by, 
							create_time, 
							update_by, 
							update_time        )values(
			#{addressId}, 
			#{userId}, 
			#{consignee}, 
			#{province}, 
			#{city}, 
			#{district}, 
			#{street}, 
			#{address}, 
			#{mobile}, 
			#{tolerant}, 
			0, 
			#{createBy}, 
			now(), 
			#{updateBy}, 
			#{updateTime}		)
    </insert>

    <update id="updateMemberAddress" parameterType="MemberAddress">
        update member_address
        <set>
            <if test="userId != null ">user_id = #{userId},</if>
            <if test="consignee != null and consignee != ''">consignee = #{consignee},</if>
            <if test="province != null and province != ''">province = #{province},</if>
            <if test="city != null and city != ''">city = #{city},</if>
            <if test="district != null and district != ''">district = #{district},</if>
            <if test="street != null and street != ''">street = #{street},</if>
            <if test="address != null and address != ''">address = #{address},</if>
            <if test="mobile != null and mobile != ''">mobile = #{mobile},</if>
            <if test="tolerant != null">tolerant = #{tolerant},</if>
            <if test="deleted != null">deleted = #{deleted},</if>
            <if test="createBy != null and createBy != ''">create_by = #{createBy},</if>
            <if test="createTime != null ">create_time = #{createTime},</if>
            <if test="updateBy != null and updateBy != ''">update_by = #{updateBy},</if>
            <if test="updateTime != null ">update_time = #{updateTime}</if>
        </set>
        where address_id = #{addressId}
    </update>

    <delete id="deleteMemberAddressById" parameterType="Long">
        delete from member_address where address_id = #{addressId}
    </delete>

    <delete id="deleteMemberAddressByIds" parameterType="String">
        delete from member_address where address_id in
        <foreach item="addressId" collection="array" open="(" separator="," close=")">
            #{addressId}
        </foreach>
    </delete>

    <update id="settingNoTolerantAddress" parameterType="Long">
        update member_address set tolerant = 1 where user_id = #{userId} and deleted = 0
    </update>

    <select id="selectMemberAddressLimitOne" parameterType="MemberAddress" resultMap="MemberAddressResult">
        <include refid="selectMemberAddressVo"/>
        <where>
            <if test="addressId != null ">and address_id = #{addressId}</if>
            <if test="userId != null ">and user_id = #{userId}</if>
            <if test="consignee != null and consignee != ''">and consignee = #{consignee}</if>
            <if test="province != null and province != ''">and province = #{province}</if>
            <if test="city != null and city != ''">and city = #{city}</if>
            <if test="district != null and district != ''">and district = #{district}</if>
            <if test="street != null and street != ''">and street = #{street}</if>
            <if test="address != null and address != ''">and address = #{address}</if>
            <if test="mobile != null and mobile != ''">and mobile = #{mobile}</if>
            <if test="tolerant != null">and tolerant = #{tolerant}</if>
            <if test="deleted != null">and deleted = #{deleted}</if>
            <if test="createBy != null and createBy != ''">and create_by = #{createBy}</if>
            <if test="createTime != null ">and create_time = #{createTime}</if>
            <if test="updateBy != null and updateBy != ''">and update_by = #{updateBy}</if>
            <if test="updateTime != null ">and update_time = #{updateTime}</if>
        </where>
        limit 1
    </select>

</mapper>