<?xml version="1.0" encoding="UTF-8" ?>
<!DOCTYPE mapper
        PUBLIC "-//mybatis.org//DTD Mapper 3.0//EN"
        "http://mybatis.org/dtd/mybatis-3-mapper.dtd">
<mapper namespace="com.fmall.project.system.member.mapper.MemberMapper">

    <resultMap type="Member" id="MemberResult">
        <result property="userId" column="user_id"/>
        <result property="username" column="username"/>
        <result property="nickname" column="nickname"/>
        <result property="parentTime" column="parent_time"/>
        <result property="parentId" column="parent_id"/>
        <result property="secondInviterId" column="second_inviter_id"/>
        <result property="phone" column="phone"/>
        <result property="password" column="password"/>
        <result property="payPassword" column="pay_password"/>
        <result property="avatar" column="avatar"/>
        <result property="gender" column="gender"/>
        <result property="openid" column="openid"/>
        <result property="unionid" column="unionid"/>
        <result property="invitationCode" column="invitation_code"/>
        <result property="type" column="type"/>
        <result property="qrcodeUrl" column="qrcode_url"/>
        <result property="blacklist" column="blacklist"/>
        <result property="inhibited" column="inhibited"/>
        <result property="createIp" column="create_ip"/>
        <result property="birthday" column="birthday"/>
        <result property="updateBy" column="update_by"/>
        <result property="lastLoginIp" column="last_login_ip"/>
        <result property="lastLoginTime" column="last_login_time"/>
        <result property="deleted" column="deleted"/>
        <result property="updateInviteCode" column="updateInviteCode"/>
        <result property="newPeople" column="new_people"/>
        <result property="status" column="status"/>
        <result property="createBy" column="create_by"/>
        <result property="createTime" column="create_time"/>
        <result property="updateTime" column="update_time"/>
    </resultMap>

    <sql id="selectMemberVo">
        select user_id, username, nickname, parent_time, parent_id, second_inviter_id, phone, password, pay_password, avatar, gender, openid, unionid, invitation_code, type, qrcode_url,inhibited, blacklist, create_ip, birthday, update_by, last_login_ip, last_login_time, deleted,updateInviteCode, new_people, status, create_by, create_time, update_time from member
    </sql>

    <select id="selectMemberList" parameterType="Member" resultMap="MemberResult">
        <include refid="selectMemberVo"/>
        <where>
            <if test="userId != null ">and user_id = #{userId}</if>
            <if test="username != null and username != ''">and username = #{username}</if>
            <if test="nickname != null and nickname != ''">and nickname = #{nickname}</if>
            <if test="parentTime != null ">and parent_time = #{parentTime}</if>
            <if test="parentId != null ">and parent_id = #{parentId}</if>
            <if test="secondInviterId != null ">and second_inviter_id = #{secondInviterId}</if>
            <if test="phone != null and phone != ''">and phone = #{phone}</if>
            <if test="password != null and password != ''">and password = #{password}</if>
            <if test="payPassword != null and payPassword != ''">and pay_password = #{payPassword}</if>
            <if test="avatar != null and avatar != ''">and avatar = #{avatar}</if>
            <if test="gender != null and gender != ''">and gender = #{gender}</if>
            <if test="openid != null and openid != ''">and openid = #{openid}</if>
            <if test="unionid != null and unionid != ''">and unionid = #{unionid}</if>
            <if test="invitationCode != null and invitationCode != ''">and invitation_code = #{invitationCode}</if>
            <if test="type != null ">and type = #{type}</if>
            <if test="qrcodeUrl != null and qrcodeUrl != ''">and qrcode_url = #{qrcodeUrl}</if>
            <if test="blacklist != null ">and blacklist = #{blacklist}</if>
            <if test="inhibited != null ">and inhibited = #{inhibited}</if>
            <if test="createIp != null and createIp != ''">and create_ip = #{createIp}</if>
            <if test="birthday != null and birthday != ''">and birthday = #{birthday}</if>
            <if test="updateBy != null and updateBy != ''">and update_by = #{updateBy}</if>
            <if test="lastLoginIp != null and lastLoginIp != ''">and last_login_ip = #{lastLoginIp}</if>
            <if test="lastLoginTime != null ">and last_login_time = #{lastLoginTime}</if>
            <if test="deleted != null ">and deleted = #{deleted}</if>
            <if test="updateInviteCode != null ">and updateInviteCode = #{updateInviteCode}</if>
            <if test="newPeople != null and newPeople != ''">and new_people = #{newPeople}</if>
            <if test="status != null ">and status = #{status}</if>
            <if test="createBy != null and createBy != ''">and create_by = #{createBy}</if>
            <if test="createTime != null ">and create_time = #{createTime}</if>
            <if test="updateTime != null ">and update_time = #{updateTime}</if>
            <if test="startTime !=null and startTime !='' ">
                <![CDATA[ and create_time  >=  #{startTime}  ]]>
            </if>
            <if test="endTime !=null and endTime!='' ">
                <![CDATA[ and create_time <=  #{endTime}  ]]>
            </if>
        </where>
        <choose>
            <when test="orderField != null and orderField != ''">
                order by ${orderField}
            </when>
            <otherwise>
                order by create_time desc
            </otherwise>
        </choose>
    </select>


    <select id="queryPageMemberList" parameterType="Member" resultMap="MemberResult">
        <include refid="selectMemberVo"/>
        <where>
            <if test="parentIdList != null and parentIdList.size() > 0">
                and parent_id in
                <foreach item="item" index="index" collection="parentIdList"
                         open="(" separator="," close=")">
                    ${item}
                </foreach>
            </if>
            <if test="userIdList != null and userIdList.size() > 0">
                and user_id in
                <foreach item="item" index="index" collection="userIdList"
                         open="(" separator="," close=")">
                    ${item}
                </foreach>
            </if>
            <if test="userId != null ">and user_id = #{userId}</if>
            <if test="username != null and username != ''">and username like CONCAT('%',#{username},'%')</if>
            <if test="nickname != null and nickname != ''">
                and (nickname like CONCAT('%',#{nickname},'%') or username like CONCAT('%',#{nickname},'%'))
            </if>
            <if test="phone != null and phone != ''">and phone like CONCAT(#{phone},'%')</if>
            <if test="parentTime != null ">and parent_time = #{parentTime}</if>
            <if test="parentId != null ">and parent_id = #{parentId}</if>
            <if test="secondInviterId != null ">and second_inviter_id = #{secondInviterId}</if>
            <if test="password != null and password != ''">and password = #{password}</if>
            <if test="payPassword != null and payPassword != ''">and pay_password = #{payPassword}</if>
            <if test="avatar != null and avatar != ''">and avatar = #{avatar}</if>
            <if test="gender != null and gender != ''">and gender = #{gender}</if>
            <if test="openid != null and openid != ''">and openid = #{openid}</if>
            <if test="unionid != null and unionid != ''">and unionid = #{unionid}</if>
            <if test="invitationCode != null and invitationCode != ''">and invitation_code = #{invitationCode}</if>
            <if test="type != null ">and type = #{type}</if>
            <if test="qrcodeUrl != null and qrcodeUrl != ''">and qrcode_url = #{qrcodeUrl}</if>
            <if test="blacklist != null ">and blacklist = #{blacklist}</if>
            <if test="inhibited != null ">and inhibited = #{inhibited}</if>
            <if test="createIp != null and createIp != ''">and create_ip = #{createIp}</if>
            <if test="birthday != null and birthday != ''">and birthday = #{birthday}</if>
            <if test="updateBy != null and updateBy != ''">and update_by = #{updateBy}</if>
            <if test="lastLoginIp != null and lastLoginIp != ''">and last_login_ip = #{lastLoginIp}</if>
            <if test="lastLoginTime != null ">and last_login_time = #{lastLoginTime}</if>
            <if test="deleted != null ">and deleted = #{deleted}</if>
            <if test="updateInviteCode != null ">and updateInviteCode = #{updateInviteCode}</if>
            <if test="newPeople != null and newPeople != ''">and new_people = #{newPeople}</if>
            <if test="status != null ">and status = #{status}</if>
            <if test="createBy != null and createBy != ''">and create_by = #{createBy}</if>
            <if test="createTime != null ">and create_time = #{createTime}</if>
            <if test="updateTime != null ">and update_time = #{updateTime}</if>
            <if test="startTime !=null   ">
                <![CDATA[ and create_time  >=  #{startTime}  ]]>
            </if>
            <if test="endTime !=null   ">
                <![CDATA[ and create_time <=  #{endTime}  ]]>
            </if>
            <if test="beginTime !=null and beginTime !='' ">
                <![CDATA[ and create_time  >=  #{beginTime}  ]]>
            </if>
            <if test="overTime !=null and overTime!='' ">
                <![CDATA[ and create_time <=  #{overTime}  ]]>
            </if>
        </where>
        <choose>
            <when test="orderField != null and orderField != ''">
                order by ${orderField}
            </when>
            <otherwise>
                order by create_time desc
            </otherwise>
        </choose>
    </select>


    <select id="selectMemberById" parameterType="Long" resultMap="MemberResult">
        <include refid="selectMemberVo"/>
        where user_id = #{userId}
    </select>

    <select id="selectMemberByOpenId" parameterType="String" resultMap="MemberResult">
        <include refid="selectMemberVo"/>
        where openid = #{openid} limit 1
    </select>
    <select id="selectMemberBySjnickname" parameterType="String" resultMap="MemberResult">
        select user_id
         from member
        where   username like CONCAT('%',#{sjnickname},'%')
    </select>
    <select id="selectByInviteCode" parameterType="String" resultMap="MemberResult">
        <include refid="selectMemberVo"/>
        where invitation_code = #{invitationCode} limit 1
    </select>
    <select id="selectMemberByMobile" parameterType="String" resultMap="MemberResult">
        <include refid="selectMemberVo"/>
        where phone = #{phone} limit 1
    </select>
    <select id="queryPageMyFans" parameterType="Member" resultMap="MemberResult">
        <include refid="selectMemberVo"/>
        where deleted = 0 and parent_id = #{userId}
        ORDER BY create_time desc
    </select>
    <select id="getAllMyFansNum" parameterType="Long" resultType="java.lang.Integer">
        SELECT
            COUNT( 1 )
        FROM
            member
        WHERE
            deleted = 0
            AND (
            parent_id = #{userId,jdbcType=BIGINT}   or second_inviter_id=#{userId,jdbcType=BIGINT}
            )
    </select>
    <select id="selectRobotList" resultMap="MemberResult">
        select
         user_id, username, nickname, parent_id, phone, avatar, gender, openid, unionid, invitation_code, second_inviter_id, type,
         create_ip, birthday, last_login_ip, last_login_time, deleted,updateInviteCode, status, create_by, create_time, update_by, update_time
        from member
        where type = 2
    </select>


    <insert id="insertMember" parameterType="Member">
        <selectKey resultType="Long" keyProperty="userId">
            SELECT LAST_INSERT_ID()
        </selectKey>
        insert into member (
        user_id,
        username,
        nickname,
        parent_time,
        parent_id,
        second_inviter_id,
        phone,
        password,
        pay_password,
        avatar,
        gender,
        openid,
        unionid,
        invitation_code,
        type,
        qrcode_url,
        blacklist,
        inhibited,
        create_ip,
        birthday,
        update_by,
        last_login_ip,
        last_login_time,
        deleted,
        updateInviteCode,
        new_people,
        status,
        create_by,
        create_time,
        update_time )values(
        #{userId},
        #{username},
        #{nickname},
        #{parentTime},
        #{parentId},
        #{secondInviterId},
        #{phone},
        #{password},
        #{payPassword},
        #{avatar},
        #{gender},
        #{openid},
        #{unionid},
        #{invitationCode},
        #{type},
        #{qrcodeUrl},
        #{blacklist},
        #{inhibited},
        #{createIp},
        #{birthday},
        #{updateBy},
        #{lastLoginIp},
        #{lastLoginTime},
        0,
        #{updateInviteCode},
        #{newPeople},
        #{status},
        #{createBy},
        now(),
        #{updateTime} )
    </insert>

    <update id="updateMember" parameterType="Member">
        update member
        <set>
            <if test="username != null and username != ''">username = #{username},</if>
            <if test="nickname != null and nickname != ''">nickname = #{nickname},</if>
            <if test="parentTime != null ">parent_time = #{parentTime},</if>
            <if test="parentId != null ">parent_id = #{parentId},</if>
            <if test="secondInviterId != null ">second_inviter_id = #{secondInviterId},</if>
            <if test="phone != null and phone != ''">phone = #{phone},</if>
            <if test="password != null and password != ''">password = #{password},</if>
            <if test="payPassword != null and payPassword != ''">pay_password = #{payPassword},</if>
            <if test="avatar != null and avatar != ''">avatar = #{avatar},</if>
            <if test="gender != null and gender != ''">gender = #{gender},</if>
            <if test="openid != null and openid != ''">openid = #{openid},</if>
            <if test="unionid != null and unionid != ''">unionid = #{unionid},</if>
            <if test="invitationCode != null and invitationCode != ''">invitation_code = #{invitationCode},</if>
            <if test="type != null ">type = #{type},</if>
            <if test="qrcodeUrl != null and qrcodeUrl != ''">qrcode_url = #{qrcodeUrl},</if>
            <if test="blacklist != null ">blacklist = #{blacklist},</if>
            <if test="inhibited != null ">inhibited = #{inhibited},</if>
            <if test="createIp != null and createIp != ''">create_ip = #{createIp},</if>
            <if test="birthday != null and birthday != ''">birthday = #{birthday},</if>
            <if test="updateBy != null ">update_by = #{updateBy},</if>
            <if test="lastLoginIp != null and lastLoginIp != ''">last_login_ip = #{lastLoginIp},</if>
            <if test="lastLoginTime != null ">last_login_time = #{lastLoginTime},</if>
            <if test="deleted != null ">deleted = #{deleted},</if>
            <if test="updateInviteCode != null ">updateInviteCode = #{updateInviteCode},</if>
            <if test="newPeople != null ">new_people = #{newPeople},</if>
            <if test="status != null ">status = #{status},</if>
            <if test="createBy != null ">create_by = #{createBy},</if>
            <if test="createTime != null ">create_time = #{createTime},</if>
            <if test="updateTime != null ">update_time = #{updateTime}</if>
        </set>
        where user_id = #{userId}
    </update>

    <delete id="deleteMemberById" parameterType="Long">
        delete from member where user_id = #{userId}
    </delete>

    <delete id="deleteMemberByIds" parameterType="String">
        delete from member where user_id in
        <foreach item="userId" collection="array" open="(" separator="," close=")">
            #{userId}
        </foreach>
    </delete>
    <delete id="deleteMemberByOpenid" parameterType="String">
        delete from member where openid = #{openid}
    </delete>

    <select id="getMemberByLimit" resultType="java.lang.Long">
        select user_id from member
        where type != 2 and deleted = 0 and user_id > #{userId}  order by user_id asc limit #{size}
    </select>
    <select id="selectMyFans" parameterType="Member" resultMap="MemberResult">
        <include refid="selectMemberVo"/>
        where deleted = 0 and parent_id = #{userId}
        ORDER BY create_time desc
    </select>
    
     <select id="queryPageAllMyFans" parameterType="Member"  resultMap="MemberResult">
         <include refid="selectMemberVo"/>
            where deleted = 0 and (parent_id = #{userId}  or second_inviter_id=#{userId})
            ORDER BY create_time desc
    </select>

</mapper>