<?xml version="1.0" encoding="UTF-8" ?>
<!DOCTYPE mapper
        PUBLIC "-//mybatis.org//DTD Mapper 3.0//EN"
        "http://mybatis.org/dtd/mybatis-3-mapper.dtd">
<mapper namespace="com.fmall.project.system.member.mapper.MemberCountMapper">

    <resultMap type="com.fmall.project.system.member.domain.MemberCount" id="MemberCountResult">
        <result property="id" column="id"/>
        <result property="userId" column="user_id"/>
        <result property="currentDay" column="current_day"/>
        <result property="directNum" column="direct_num"/>
        <result property="indirectNum" column="indirect_num"/>
        <result property="deleted" column="deleted"/>
        <result property="createBy" column="create_by"/>
        <result property="createTime" column="create_time"/>
        <result property="updateBy" column="update_by"/>
        <result property="updateTime" column="update_time"/>
    </resultMap>

    <sql id="selectMemberCountVo">
        select id, user_id, current_day, direct_num, indirect_num, deleted, create_by, create_time, update_by, update_time from member_count
    </sql>

    <select id="selectMemberCountList" parameterType="com.fmall.project.system.member.domain.MemberCount"
            resultMap="MemberCountResult">
        <include refid="selectMemberCountVo"/>
        <where>
            <if test="id != null ">and id = #{id}</if>
            <if test="userId != null ">and user_id = #{userId}</if>
            <if test="currentDay != null and currentDay != ''">and current_day = #{currentDay}</if>
            <if test="directNum != null ">and direct_num = #{directNum}</if>
            <if test="indirectNum != null ">and indirect_num = #{indirectNum}</if>
            <if test="deleted != null ">and deleted = #{deleted}</if>
            <if test="createBy != null and createBy != ''">and create_by = #{createBy}</if>
            <if test="createTime != null ">and create_time = #{createTime}</if>
            <if test="updateBy != null and updateBy != ''">and update_by = #{updateBy}</if>
            <if test="updateTime != null ">and update_time = #{updateTime}</if>
        </where>
        <choose>
            <when test="orderField != null and orderField != ''">
                order by ${orderField}
            </when>
            <otherwise>
                order by create_time desc
            </otherwise>
        </choose>
    </select>


    <select id="queryPageMemberCountList" parameterType="com.fmall.project.system.member.domain.MemberCount"
            resultMap="MemberCountResult">
        <include refid="selectMemberCountVo"/>
        <where>
            <if test="id != null ">and id = #{id}</if>
            <if test="userId != null ">and user_id = #{userId}</if>
            <if test="currentDay != null and currentDay != ''">and current_day = #{currentDay}</if>
            <if test="directNum != null ">and direct_num = #{directNum}</if>
            <if test="indirectNum != null">and indirect_num = #{indirectNum}</if>
            <if test="deleted != null ">and deleted = #{deleted}</if>
            <if test="createBy != null and createBy != ''">and create_by = #{createBy}</if>
            <if test="createTime != null ">and create_time = #{createTime}</if>
            <if test="updateBy != null and updateBy != ''">and update_by = #{updateBy}</if>
            <if test="updateTime != null ">and update_time = #{updateTime}</if>
        </where>
        <choose>
            <when test="orderField != null and orderField != ''">
                order by ${orderField}
            </when>
            <otherwise>
                order by create_time desc
            </otherwise>
        </choose>
    </select>


    <select id="selectMemberCountById" parameterType="Long" resultMap="MemberCountResult">
        <include refid="selectMemberCountVo"/>
        where id = #{id}
    </select>
    <select id="getMemberCount" resultMap="MemberCountResult">
        <include refid="selectMemberCountVo"/>
        <where>
            <if test="id != null ">and id = #{id}</if>
            <if test="userId != null ">and user_id = #{userId}</if>
            <if test="currentDay != null and currentDay != ''">and current_day = #{currentDay}</if>
            <if test="directNum != null ">and direct_num = #{directNum}</if>
            <if test="indirectNum != null ">and indirect_num = #{indirectNum}</if>
            <if test="deleted != null ">and deleted = #{deleted}</if>
            <if test="createBy != null and createBy != ''">and create_by = #{createBy}</if>
            <if test="createTime != null ">and create_time = #{createTime}</if>
            <if test="updateBy != null ">and update_by = #{updateBy}</if>
            <if test="updateTime != null ">and update_time = #{updateTime}</if>
        </where>
        limit 1
    </select>

    <insert id="insertMemberCount" parameterType="com.fmall.project.system.member.domain.MemberCount">
        insert into member_count (
							id, 
							user_id, 
							current_day, 
							direct_num, 
							indirect_num, 
							deleted, 
							create_by, 
							create_time, 
							update_by, 
							update_time        )values(
			#{id}, 
			#{userId}, 
			#{currentDay}, 
			#{directNum}, 
			#{indirectNum}, 
			0, 
			#{createBy}, 
			now(), 
			#{updateBy}, 
			#{updateTime}		)
    </insert>

    <update id="updateMemberCount" parameterType="com.fmall.project.system.member.domain.MemberCount">
        update member_count
        <set>
            <if test="userId != null ">user_id = #{userId},</if>
            <if test="currentDay != null and currentDay != ''">current_day = #{currentDay},</if>
            <if test="directNum != null ">direct_num = #{directNum},</if>
            <if test="indirectNum != null ">indirect_num = #{indirectNum},</if>
            <if test="deleted != null ">deleted = #{deleted},</if>
            <if test="createBy != null and createBy != ''">create_by = #{createBy},</if>
            <if test="createTime != null ">create_time = #{createTime},</if>
            <if test="updateBy != null and updateBy != ''">update_by = #{updateBy},</if>
            <if test="updateTime != null ">update_time = #{updateTime}</if>
        </set>
        where id = #{id}
    </update>

    <delete id="deleteMemberCountById" parameterType="Long">
        delete from member_count where id = #{id}
    </delete>

    <delete id="deleteMemberCountByIds" parameterType="String">
        delete from member_count where id in
        <foreach item="id" collection="array" open="(" separator="," close=")">
            #{id}
        </foreach>
    </delete>

    <select id="getFansNumByUseId" resultMap="MemberCountResult">
        SELECT
        IFNULL(sum(direct_num),0) as direct_num,
        IFNULL(sum(indirect_num),0) as indirect_num
        FROM member_count
        where
	    deleted = 0
	    and
	    user_id = #{userId,jdbcType=BIGINT}
  </select>
    <select id="queryPagepageList" parameterType="com.fmall.project.system.member.domain.MemberCount"
            resultType="com.fmall.project.system.member.domain.MemberAccount">
        select
        id, user_id, current_day, direct_num, indirect_num, deleted, create_by, create_time, update_by, update_time
        from lepai_member_count
        where user_id = #{userId}
        and current_day <![CDATA[>=]]> #{startTime}
        and current_day <![CDATA[<=]]> #{endTime}
        order by current_day desc
    </select>
</mapper>