<?xml version="1.0" encoding="UTF-8" ?>
<!DOCTYPE mapper
        PUBLIC "-//mybatis.org//DTD Mapper 3.0//EN"
        "http://mybatis.org/dtd/mybatis-3-mapper.dtd">
<mapper namespace="com.fmall.project.system.member.mapper.MemberAccountDetailMapper">

    <resultMap type="MemberAccountDetail" id="MemberAccountDetailResult">
        <result property="id" column="id"/>
        <result property="userId" column="user_id"/>
        <result property="type" column="type"/>
        <result property="tradeType" column="trade_type"/>
        <result property="currentMoney" column="current_money"/>
        <result property="amount" column="amount"/>
        <result property="tradeNo" column="trade_no"/>
        <result property="remark" column="remark"/>
        <result property="createTime" column="create_time"/>
        <result property="deleted" column="deleted"/>
        <result property="createBy" column="create_by"/>
        <result property="updateBy" column="update_by"/>
        <result property="updateTime" column="update_time"/>
    </resultMap>

    <sql id="selectMemberAccountDetailVo">
        select id, user_id, type, trade_type, current_money, amount, trade_no, remark, create_time, deleted, create_by, update_by, update_time from member_account_detail
    </sql>

    <select id="selectMemberAccountDetailList" parameterType="MemberAccountDetail"
            resultMap="MemberAccountDetailResult">
        <include refid="selectMemberAccountDetailVo"/>
        <where>
            <if test="id != null ">and id = #{id}</if>
            <if test="userId != null ">and user_id = #{userId}</if>
            <if test="type != null and type != ''">and type = #{type}</if>
            <if test="tradeType != null ">and trade_type = #{tradeType}</if>
            <if test="currentMoney != null and currentMoney != ''">and current_money = #{currentMoney}</if>
            <if test="amount != null and amount != ''">and amount = #{amount}</if>
            <if test="tradeNo != null and tradeNo != ''">and trade_no = #{tradeNo}</if>
            <if test="remark != null and remark != ''">and remark = #{remark}</if>
            <if test="createTime != null ">and create_time = #{createTime}</if>
            <if test="deleted != null ">and deleted = #{deleted}</if>
            <if test="createBy != null and createBy != ''">and create_by = #{createBy}</if>
            <if test="updateBy != null and updateBy != ''">and update_by = #{updateBy}</if>
            <if test="updateTime != null ">and update_time = #{updateTime}</if>
        </where>
        <choose>
            <when test="orderField != null and orderField != ''">
                order by ${orderField}
            </when>
            <otherwise>
                order by create_time desc
            </otherwise>
        </choose>
    </select>


    <select id="queryPageMemberAccountDetailList" parameterType="MemberAccountDetail"
            resultMap="MemberAccountDetailResult">
        <include refid="selectMemberAccountDetailVo"/>
        <where>
            <if test="id != null ">and id = #{id}</if>
            <if test="userId != null ">and user_id = #{userId}</if>
            <if test="type != null">and type = #{type}</if>
            <if test="tradeType != null ">and trade_type = #{tradeType}</if>
            <if test="currentMoney != null and currentMoney != ''">and current_money = #{currentMoney}</if>
            <if test="amount != null and amount != ''">and amount = #{amount}</if>
            <if test="tradeNo != null and tradeNo != ''">and trade_no = #{tradeNo}</if>
            <if test="remark != null and remark != ''">and remark = #{remark}</if>
            <if test="createTime != null ">and create_time = #{createTime}</if>
            <if test="deleted != null ">and deleted = #{deleted}</if>
            <if test="createBy != null and createBy != ''">and create_by = #{createBy}</if>
            <if test="updateBy != null and updateBy != ''">and update_by = #{updateBy}</if>
            <if test="updateTime != null ">and update_time = #{updateTime}</if>
        </where>
        <choose>
            <when test="orderField != null and orderField != ''">
                order by ${orderField}
            </when>
            <otherwise>
                order by create_time desc
            </otherwise>
        </choose>
    </select>


    <select id="selectMemberAccountDetailById" parameterType="Long" resultMap="MemberAccountDetailResult">
        <include refid="selectMemberAccountDetailVo"/>
        where id = #{id}
    </select>


    <select id="selectMemberAccountDetailListAdmin" parameterType="Long"
            resultMap="MemberAccountDetailResult">
        <include refid="selectMemberAccountDetailVo"/>

        where user_id = #{userId} order by create_time desc
    </select>

    <insert id="insertMemberAccountDetail" parameterType="MemberAccountDetail">
        insert into member_account_detail (
							id, 
							user_id, 
							type, 
							trade_type, 
							current_money, 
							amount, 
							trade_no, 
							remark, 
							create_time, 
							deleted, 
							create_by, 
							update_by, 
							update_time        )values(
			#{id}, 
			#{userId}, 
			#{type}, 
			#{tradeType}, 
			#{currentMoney}, 
			#{amount}, 
			#{tradeNo}, 
			#{remark}, 
			now(), 
			0, 
			#{createBy}, 
			#{updateBy}, 
			#{updateTime}		)
    </insert>

    <update id="updateMemberAccountDetail" parameterType="MemberAccountDetail">
        update member_account_detail
        <set>
            <if test="userId != null ">user_id = #{userId},</if>
            <if test="type != null and type != ''">type = #{type},</if>
            <if test="tradeType != null ">trade_type = #{tradeType},</if>
            <if test="currentMoney != null and currentMoney != ''">current_money = #{currentMoney},</if>
            <if test="amount != null and amount != ''">amount = #{amount},</if>
            <if test="tradeNo != null and tradeNo != ''">trade_no = #{tradeNo},</if>
            <if test="remark != null and remark != ''">remark = #{remark},</if>
            <if test="createTime != null ">create_time = #{createTime},</if>
            <if test="deleted != null ">deleted = #{deleted},</if>
            <if test="createBy != null and createBy != ''">create_by = #{createBy},</if>
            <if test="updateBy != null and updateBy != ''">update_by = #{updateBy},</if>
            <if test="updateTime != null ">update_time = #{updateTime}</if>
        </set>
        where id = #{id}
    </update>

    <delete id="deleteMemberAccountDetailById" parameterType="Long">
        delete from member_account_detail where id = #{id}
    </delete>

    <delete id="deleteMemberAccountDetailByIds" parameterType="String">
        delete from member_account_detail where id in
        <foreach item="id" collection="array" open="(" separator="," close=")">
            #{id}
        </foreach>
    </delete>

    <select id="selectSumTodayProfitByUserId" resultType="java.math.BigDecimal" parameterType="java.util.Map">
        select IFNULL(sum(amount),0) FROM
        member_account_detail
        WHERE
        trade_type in(5,6,8) and user_id = #{userId,jdbcType=BIGINT}
        <if test="startTime != null and endTime != null">
            and create_time <![CDATA[>=]]> #{startTime}
            and create_time <![CDATA[<=]]> #{endTime}
        </if>
    </select>

    <select id="getMoneyByTypeAndUserId" parameterType="MemberAccountDetail" resultType="java.math.BigDecimal">
        SELECT
        IFNULL(SUM(amount),0)
        FROM
        member_account_detail
        WHERE
        user_id = #{userId}
        <if test="type != null">
            and type=#{type}
        </if>
        <if test="remark != null">
            and remark=#{remark}
        </if>
        <if test="tradeType != null">
            and trade_type=#{tradeType}
        </if>
        <if test="startTime != null and endTime != null">
            and create_time <![CDATA[>=]]> #{startTime}
            and create_time <![CDATA[<=]]> #{endTime}
        </if>
    </select>
		
</mapper>