<?xml version="1.0" encoding="UTF-8" ?>
<!DOCTYPE mapper
        PUBLIC "-//mybatis.org//DTD Mapper 3.0//EN"
        "http://mybatis.org/dtd/mybatis-3-mapper.dtd">
<mapper namespace="com.fmall.project.system.member.mapper.MemberIntegralDetailMapper">

    <resultMap type="MemberIntegralDetail" id="MemberIntegralDetailResult">
        <result property="id" column="id"/>
        <result property="userId" column="user_id"/>
        <result property="type" column="type"/>
        <result property="tradeType" column="trade_type"/>
        <result property="integralAmount" column="integral_amount"/>
        <result property="tradeNo" column="trade_no"/>
        <result property="title" column="title"/>
        <result property="deleted" column="deleted"/>
        <result property="createBy" column="create_by"/>
        <result property="updateBy" column="update_by"/>
        <result property="createTime" column="create_time"/>
        <result property="updateTime" column="update_time"/>
    </resultMap>

    <sql id="selectMemberIntegralDetailVo">
        select id, user_id, type, trade_type, integral_amount, trade_no, title, deleted, create_by, update_by, create_time, update_time from member_integral_detail
    </sql>

    <select id="selectMemberIntegralDetailList" parameterType="MemberIntegralDetail"
            resultMap="MemberIntegralDetailResult">
        <include refid="selectMemberIntegralDetailVo"/>
        <where>
            <if test="id != null and id != ''">and id = #{id}</if>
            <if test="userId != null ">and user_id = #{userId}</if>
            <if test="type != null ">and type = #{type}</if>
            <if test="tradeType != null">and trade_type = #{tradeType}</if>
            <if test="integralAmount != null and integralAmount != ''">and integral_amount = #{integralAmount}</if>
            <if test="tradeNo != null and tradeNo != ''">and trade_no = #{tradeNo}</if>
            <if test="title != null and title != ''">and title = #{title}</if>
            <if test="deleted != null ">and deleted = #{deleted}</if>
            <if test="createBy != null and createBy != ''">and create_by = #{createBy}</if>
            <if test="updateBy != null and updateBy != ''">and update_by = #{updateBy}</if>
            <if test="createTime != null ">and create_time = #{createTime}</if>
            <if test="updateTime != null ">and update_time = #{updateTime}</if>
        </where>
        <choose>
            <when test="orderField != null and orderField != ''">
                order by ${orderField}
            </when>
            <otherwise>
                order by create_time desc
            </otherwise>
        </choose>
    </select>


    <select id="queryPageMemberIntegralDetailList" parameterType="MemberIntegralDetail"
            resultMap="MemberIntegralDetailResult">
        <include refid="selectMemberIntegralDetailVo"/>
        <where>
            <if test="id != null and id != ''">and id = #{id}</if>
            <if test="userId != null ">and user_id = #{userId}</if>
            <if test="type != null ">and type = #{type}</if>
            <if test="tradeType != null">and trade_type = #{tradeType}</if>
            <if test="integralAmount != null and integralAmount != ''">and integral_amount = #{integralAmount}</if>
            <if test="tradeNo != null and tradeNo != ''">and trade_no = #{tradeNo}</if>
            <if test="title != null and title != ''">and title = #{title}</if>
            <if test="deleted != null ">and deleted = #{deleted}</if>
            <if test="createBy != null and createBy != ''">and create_by = #{createBy}</if>
            <if test="updateBy != null and updateBy != ''">and update_by = #{updateBy}</if>
            <if test="createTime != null ">and create_time = #{createTime}</if>
            <if test="updateTime != null ">and update_time = #{updateTime}</if>
        </where>
        <choose>
            <when test="orderField != null and orderField != ''">
                order by ${orderField}
            </when>
            <otherwise>
                order by create_time desc
            </otherwise>
        </choose>
    </select>


    <select id="selectMemberIntegralDetailById" parameterType="Long" resultMap="MemberIntegralDetailResult">
        <include refid="selectMemberIntegralDetailVo"/>
        where id = #{id}
    </select>

    <insert id="insertMemberIntegralDetail" parameterType="MemberIntegralDetail">
        insert into member_integral_detail (
							id, 
							user_id, 
							type, 
							trade_type, 
							integral_amount, 
							trade_no, 
							title, 
							deleted, 
							create_by, 
							update_by, 
							create_time, 
							update_time        )values(
			#{id}, 
			#{userId}, 
			#{type}, 
			#{tradeType}, 
			#{integralAmount}, 
			#{tradeNo}, 
			#{title}, 
			0, 
			#{createBy}, 
			#{updateBy}, 
			now(), 
			#{updateTime}		)
    </insert>

    <update id="updateMemberIntegralDetail" parameterType="MemberIntegralDetail">
        update member_integral_detail
        <set>
            <if test="userId != null ">user_id = #{userId},</if>
            <if test="type != null ">type = #{type},</if>
            <if test="tradeType != null">trade_type = #{tradeType},</if>
            <if test="integralAmount != null and integralAmount != ''">integral_amount = #{integralAmount},</if>
            <if test="tradeNo != null and tradeNo != ''">trade_no = #{tradeNo},</if>
            <if test="title != null and title != ''">title = #{title},</if>
            <if test="deleted != null ">deleted = #{deleted},</if>
            <if test="createBy != null and createBy != ''">create_by = #{createBy},</if>
            <if test="updateBy != null and updateBy != ''">update_by = #{updateBy},</if>
            <if test="createTime != null ">create_time = #{createTime},</if>
            <if test="updateTime != null ">update_time = #{updateTime}</if>
        </set>
        where id = #{id}
    </update>

    <delete id="deleteMemberIntegralDetailById" parameterType="Long">
        delete from member_integral_detail where id = #{id}
    </delete>

    <delete id="deleteMemberIntegralDetailByIds" parameterType="String">
        delete from member_integral_detail where id in
        <foreach item="id" collection="array" open="(" separator="," close=")">
            #{id}
        </foreach>
    </delete>

</mapper>