<?xml version="1.0" encoding="UTF-8" ?>
<!DOCTYPE mapper
        PUBLIC "-//mybatis.org//DTD Mapper 3.0//EN"
        "http://mybatis.org/dtd/mybatis-3-mapper.dtd">
<mapper namespace="com.fmall.project.system.memberIntegral.mapper.MemberIntegralMapper">

    <resultMap type="MemberIntegral" id="MemberIntegralResult">
        <result property="userId" column="user_id"/>
        <result property="integralAmount" column="integral_amount"/>
        <result property="deleted" column="deleted"/>
        <result property="createBy" column="create_by"/>
        <result property="updateBy" column="update_by"/>
        <result property="createTime" column="create_time"/>
        <result property="updateTime" column="update_time"/>
    </resultMap>

    <sql id="selectMemberIntegralVo">
        select user_id, integral_amount, deleted, create_by, update_by, create_time, update_time from member_integral
    </sql>

    <select id="selectMemberIntegralList" parameterType="MemberIntegral" resultMap="MemberIntegralResult">
        <include refid="selectMemberIntegralVo"/>
        <where>
            <if test="userId != null ">and user_id = #{userId}</if>
            <if test="integralAmount != null and integralAmount != ''">and integral_amount = #{integralAmount}</if>
            <if test="deleted != null ">and deleted = #{deleted}</if>
            <if test="createBy != null and createBy != ''">and create_by = #{createBy}</if>
            <if test="updateBy != null and updateBy != ''">and update_by = #{updateBy}</if>
            <if test="createTime != null">and create_time = #{createTime}</if>
            <if test="updateTime != null ">and update_time = #{updateTime}</if>
        </where>
        <choose>
            <when test="orderField != null and orderField != ''">
                order by ${orderField}
            </when>
            <otherwise>
                order by create_time desc
            </otherwise>
        </choose>
    </select>


    <select id="queryPageMemberIntegralList" parameterType="MemberIntegral" resultMap="MemberIntegralResult">
        <include refid="selectMemberIntegralVo"/>
        <where>
            <if test="userId != null ">and user_id = #{userId}</if>
            <if test="integralAmount != null and integralAmount != ''">and integral_amount = #{integralAmount}</if>
            <if test="deleted != null ">and deleted = #{deleted}</if>
            <if test="createBy != null and createBy != ''">and create_by = #{createBy}</if>
            <if test="updateBy != null and updateBy != ''">and update_by = #{updateBy}</if>
            <if test="createTime != null">and create_time = #{createTime}</if>
            <if test="updateTime != null ">and update_time = #{updateTime}</if>
        </where>
        <choose>
            <when test="orderField != null and orderField != ''">
                order by ${orderField}
            </when>
            <otherwise>
                order by create_time desc
            </otherwise>
        </choose>
    </select>


    <select id="selectMemberIntegralById" parameterType="Long" resultMap="MemberIntegralResult">
        <include refid="selectMemberIntegralVo"/>
        where user_id = #{userId}
    </select>

    <insert id="insertMemberIntegral" parameterType="MemberIntegral">
        insert into member_integral (
							user_id, 
							integral_amount, 
							deleted, 
							create_by, 
							update_by, 
							create_time, 
							update_time        )values(
			#{userId}, 
			#{integralAmount}, 
			0, 
			#{createBy}, 
			#{updateBy}, 
			now(), 
			#{updateTime}		)
    </insert>

    <update id="updateMemberIntegral" parameterType="MemberIntegral">
        update member_integral
        <set>
            <if test="integralAmount != null ">integral_amount = #{integralAmount},</if>
            <if test="deleted != null ">deleted = #{deleted},</if>
            <if test="createBy != null and createBy != ''">create_by = #{createBy},</if>
            <if test="updateBy != null and updateBy != ''">update_by = #{updateBy},</if>
            <if test="createTime != null">create_time = #{createTime},</if>
            <if test="updateTime != null ">update_time = #{updateTime}</if>
        </set>
        where user_id = #{userId}
    </update>

    <delete id="deleteMemberIntegralById" parameterType="Long">
        delete from member_integral where user_id = #{userId}
    </delete>

    <delete id="deleteMemberIntegralByIds" parameterType="String">
        delete from member_integral where user_id in
        <foreach item="userId" collection="array" open="(" separator="," close=")">
            #{userId}
        </foreach>
    </delete>

</mapper>