<?xml version="1.0" encoding="UTF-8" ?>
<!DOCTYPE mapper
        PUBLIC "-//mybatis.org//DTD Mapper 3.0//EN"
        "http://mybatis.org/dtd/mybatis-3-mapper.dtd">
<mapper namespace="com.fmall.project.system.member.mapper.MemberProfitMapper">

    <resultMap type="MemberProfit" id="MemberProfitResult">
        <result property="id" column="id"/>
        <result property="userId" column="user_id"/>
        <result property="profitDate" column="profit_date"/>
        <result property="profit" column="profit"/>
        <result property="deleted" column="deleted"/>
        <result property="createBy" column="create_by"/>
        <result property="updateBy" column="update_by"/>
        <result property="createTime" column="create_time"/>
        <result property="updateTime" column="update_time"/>
    </resultMap>

    <sql id="selectMemberProfitVo">
        select id, user_id, profit_date, profit, deleted, create_by, update_by, create_time, update_time from member_profit
    </sql>

    <select id="selectMemberProfitList" parameterType="MemberProfit" resultMap="MemberProfitResult">
        <include refid="selectMemberProfitVo"/>
        <where>
            <if test="id != null and id != ''">and id = #{id}</if>
            <if test="userId != null ">and user_id = #{userId}</if>
            <if test="profitDate != null ">and profit_date = #{profitDate}</if>
            <if test="profit != null and profit != ''">and profit = #{profit}</if>
            <if test="deleted != null ">and deleted = #{deleted}</if>
            <if test="createBy != null and createBy != ''">and create_by = #{createBy}</if>
            <if test="updateBy != null and updateBy != ''">and update_by = #{updateBy}</if>
            <if test="createTime != null">and create_time = #{createTime}</if>
            <if test="updateTime != null">and update_time = #{updateTime}</if>
        </where>
        <choose>
            <when test="orderField != null and orderField != ''">
                order by ${orderField}
            </when>
            <otherwise>
                order by create_time desc
            </otherwise>
        </choose>
    </select>


    <select id="queryPageMemberProfitList" parameterType="MemberProfit" resultMap="MemberProfitResult">
        <include refid="selectMemberProfitVo"/>
        <where>
            <if test="id != null and id != ''">and id = #{id}</if>
            <if test="userId != null ">and user_id = #{userId}</if>
            <if test="profitDate != null ">and profit_date = #{profitDate}</if>
            <if test="profit != null and profit != ''">and profit = #{profit}</if>
            <if test="deleted != null ">and deleted = #{deleted}</if>
            <if test="createBy != null and createBy != ''">and create_by = #{createBy}</if>
            <if test="updateBy != null and updateBy != ''">and update_by = #{updateBy}</if>
            <if test="createTime != null">and create_time = #{createTime}</if>
            <if test="updateTime != null">and update_time = #{updateTime}</if>
        </where>
        <choose>
            <when test="orderField != null and orderField != ''">
                order by ${orderField}
            </when>
            <otherwise>
                order by create_time desc
            </otherwise>
        </choose>
    </select>


    <select id="selectMemberProfitById" parameterType="Long" resultMap="MemberProfitResult">
        <include refid="selectMemberProfitVo"/>
        where id = #{id}
    </select>

    <insert id="insertMemberProfit" parameterType="MemberProfit">
        insert into member_profit (
							id, 
							user_id, 
							profit_date, 
							profit, 
							deleted, 
							create_by, 
							update_by, 
							create_time, 
							update_time        )values(
			#{id}, 
			#{userId}, 
			#{profitDate}, 
			#{profit}, 
			0, 
			#{createBy}, 
			#{updateBy}, 
			#{createTime}, 
			#{updateTime}		)
    </insert>

    <update id="updateMemberProfit" parameterType="MemberProfit">
        update member_profit
        <set>
            <if test="userId != null ">user_id = #{userId},</if>
            <if test="profitDate != null ">profit_date = #{profitDate},</if>
            <if test="profit != null and profit != ''">profit = #{profit},</if>
            <if test="deleted != null ">deleted = #{deleted},</if>
            <if test="createBy != null and createBy != ''">create_by = #{createBy},</if>
            <if test="updateBy != null and updateBy != ''">update_by = #{updateBy},</if>
            <if test="createTime != null">create_time = #{createTime},</if>
            <if test="updateTime != null">update_time = #{updateTime}</if>
        </set>
        where id = #{id}
    </update>

    <delete id="deleteMemberProfitById" parameterType="Long">
        delete from member_profit where id = #{id}
    </delete>

    <delete id="deleteMemberProfitByIds" parameterType="String">
        delete from member_profit where id in
        <foreach item="id" collection="array" open="(" separator="," close=")">
            #{id}
        </foreach>
    </delete>

</mapper>