<?xml version="1.0" encoding="UTF-8" ?>
<!DOCTYPE mapper
        PUBLIC "-//mybatis.org//DTD Mapper 3.0//EN"
        "http://mybatis.org/dtd/mybatis-3-mapper.dtd">
<mapper namespace="com.fmall.project.system.member.mapper.MemberWithdrawMapper">

    <resultMap type="MemberWithdraw" id="MemberWithdrawResult">
        <result property="id" column="id"/>
        <result property="userId" column="user_id"/>
        <result property="accountName" column="account_name"/>
        <result property="account" column="account"/>
        <result property="amount" column="amount"/>
        <result property="serviceCharge" column="service_charge"/>
        <result property="thirdTradeNo" column="third_trade_no"/>
        <result property="status" column="status"/>
        <result property="remark" column="remark"/>
        <result property="applyTime" column="apply_time"/>
        <result property="auditTime" column="audit_time"/>
        <result property="auditMan" column="audit_man"/>
        <result property="deleted" column="deleted"/>
        <result property="createBy" column="create_by"/>
        <result property="updateBy" column="update_by"/>
        <result property="createTime" column="create_time"/>
        <result property="updateTime" column="update_time"/>
    </resultMap>

    <sql id="selectMemberWithdrawVo">
        select id, user_id, account_name, account, amount, service_charge, third_trade_no, status, remark, apply_time, audit_time, audit_man, deleted, create_by, update_by, create_time, update_time from member_withdraw
    </sql>

    <select id="selectMemberWithdrawList" parameterType="MemberWithdraw" resultMap="MemberWithdrawResult">
        <include refid="selectMemberWithdrawVo"/>
        <where>
            <if test="id != null ">and id = #{id}</if>
            <if test="userId != null ">and user_id = #{userId}</if>
            <if test="accountName != null and accountName != ''">and account_name = #{accountName}</if>
            <if test="account != null and account != ''">and account = #{account}</if>
            <if test="amount != null and amount != ''">and amount = #{amount}</if>
            <if test="serviceCharge != null and serviceCharge != ''">and service_charge = #{serviceCharge}</if>
            <if test="thirdTradeNo != null and thirdTradeNo != ''">and third_trade_no = #{thirdTradeNo}</if>
            <if test="status != null ">and status = #{status}</if>
            <if test="remark != null and remark != ''">and remark = #{remark}</if>
            <if test="applyTime != null ">and apply_time = #{applyTime}</if>
            <if test="auditTime != null">and audit_time = #{auditTime}</if>
            <if test="auditMan != null and auditMan != ''">and audit_man = #{auditMan}</if>
            <if test="deleted != null">and deleted = #{deleted}</if>
            <if test="createBy != null and createBy != ''">and create_by = #{createBy}</if>
            <if test="updateBy != null and updateBy != ''">and update_by = #{updateBy}</if>
            <if test="createTime != null ">and create_time = #{createTime}</if>
            <if test="updateTime != null">and update_time = #{updateTime}</if>
        </where>
        <choose>
            <when test="orderField != null and orderField != ''">
                order by ${orderField}
            </when>
            <otherwise>
                order by create_time desc
            </otherwise>
        </choose>
    </select>


    <select id="queryPageMemberWithdrawList" parameterType="MemberWithdraw" resultMap="MemberWithdrawResult">
        <include refid="selectMemberWithdrawVo"/>
        <where>
            <if test="id != null ">and id = #{id}</if>
            <if test="userId != null ">and user_id = #{userId}</if>
            <if test="accountName != null and accountName != ''">
                and account_name like CONCAT('%',#{accountName},'%')
            </if>
            <if test="account != null and account != ''">
                and account like CONCAT('%',#{account},'%')
            </if>
            <if test="amount != null ">and amount = #{amount}</if>
            <if test="serviceCharge != null and serviceCharge != ''">and service_charge = #{serviceCharge}</if>
            <if test="thirdTradeNo != null and thirdTradeNo != ''">and third_trade_no = #{thirdTradeNo}</if>
            <if test="status != null ">and status = #{status}</if>
            <if test="remark != null and remark != ''">and remark = #{remark}</if>
            <if test="applyTime != null ">and apply_time = #{applyTime}</if>
            <if test="auditTime != null">and audit_time = #{auditTime}</if>
            <if test="auditMan != null and auditMan != ''">and audit_man = #{auditMan}</if>
            <if test="deleted != null">and deleted = #{deleted}</if>
            <if test="createBy != null and createBy != ''">and create_by = #{createBy}</if>
            <if test="updateBy != null and updateBy != ''">and update_by = #{updateBy}</if>
            <if test="createTime != null ">and create_time = #{createTime}</if>
            <if test="updateTime != null">and update_time = #{updateTime}</if>
            <if test="beginTime !=null and beginTime !='' ">
                <![CDATA[ and create_time  >=  #{beginTime}  ]]>
            </if>
            <if test="overTime !=null and overTime!='' ">
                <![CDATA[ and create_time <=  #{overTime}  ]]>
            </if>
        </where>
        <choose>
            <when test="orderField != null and orderField != ''">
                order by ${orderField}
            </when>
            <otherwise>
                order by create_time desc
            </otherwise>
        </choose>
    </select>


    <select id="selectMemberWithdrawById" parameterType="Long" resultMap="MemberWithdrawResult">
        <include refid="selectMemberWithdrawVo"/>
        where id = #{id}
    </select>

    <insert id="insertMemberWithdraw" parameterType="MemberWithdraw">
        insert into member_withdraw (
							id, 
							user_id, 
							account_name, 
							account, 
							amount, 
							service_charge, 
							third_trade_no, 
							status, 
							remark, 
							apply_time, 
							audit_time, 
							audit_man, 
							deleted, 
							create_by, 
							update_by, 
							create_time, 
							update_time        )values(
			#{id}, 
			#{userId}, 
			#{accountName}, 
			#{account}, 
			#{amount}, 
			#{serviceCharge}, 
			#{thirdTradeNo}, 
			#{status}, 
			#{remark}, 
			#{applyTime}, 
			#{auditTime}, 
			#{auditMan}, 
			0, 
			#{createBy}, 
			#{updateBy}, 
			now(), 
			#{updateTime}		)
    </insert>

    <update id="updateMemberWithdraw" parameterType="MemberWithdraw">
        update member_withdraw
        <set>
            <if test="userId != null ">user_id = #{userId},</if>
            <if test="accountName != null and accountName != ''">account_name = #{accountName},</if>
            <if test="account != null and account != ''">account = #{account},</if>
            <if test="amount != null and amount != ''">amount = #{amount},</if>
            <if test="serviceCharge != null and serviceCharge != ''">service_charge = #{serviceCharge},</if>
            <if test="thirdTradeNo != null and thirdTradeNo != ''">third_trade_no = #{thirdTradeNo},</if>
            <if test="status != null ">status = #{status},</if>
            <if test="remark != null and remark != ''">remark = #{remark},</if>
            <if test="applyTime != null ">apply_time = #{applyTime},</if>
            <if test="auditTime != null">audit_time = #{auditTime},</if>
            <if test="auditMan != null and auditMan != ''">audit_man = #{auditMan},</if>
            <if test="deleted != null">deleted = #{deleted},</if>
            <if test="createBy != null and createBy != ''">create_by = #{createBy},</if>
            <if test="updateBy != null and updateBy != ''">update_by = #{updateBy},</if>
            <if test="createTime != null ">create_time = #{createTime},</if>
            <if test="updateTime != null">update_time = #{updateTime}</if>
        </set>
        where id = #{id}
    </update>

    <delete id="deleteMemberWithdrawById" parameterType="Long">
        delete from member_withdraw where id = #{id}
    </delete>

    <delete id="deleteMemberWithdrawByIds" parameterType="String">
        delete from member_withdraw where id in
        <foreach item="id" collection="array" open="(" separator="," close=")">
            #{id}
        </foreach>
    </delete>

    <select id="selectLockMoney" resultType="java.math.BigDecimal" parameterType="map">
        select IFNULL(sum(amount),0) from member_withdraw
        <where>
            and deleted = 0
            and user_id = #{userId}
            <if test="status != null">
                and status = #{status}
            </if>
            <if test="beginTime != null and overTime != null">
                and create_time <![CDATA[>=]]> #{beginTime}
                and create_time <![CDATA[<=]]> #{overTime}
            </if>
        </where>
    </select>

 	<select id="selectSumAmountByUserId" parameterType="Long" resultType="java.math.BigDecimal">
        SELECT SUM(amount) from member_withdraw WHERE to_days(create_time) = to_days(now()) and user_id = #{userId}
    </select>
    
</mapper>