<?xml version="1.0" encoding="UTF-8" ?>
<!DOCTYPE mapper
        PUBLIC "-//mybatis.org//DTD Mapper 3.0//EN"
        "http://mybatis.org/dtd/mybatis-3-mapper.dtd">
<mapper namespace="com.fmall.project.system.member.mapper.MemberRealpersonMapper">

    <resultMap type="com.fmall.project.system.member.domain.MemberRealperson" id="MemberRealpersonResult">
        <result property="id" column="id"/>
        <result property="userId" column="user_id"/>
        <result property="name" column="name"/>
        <result property="cardNo" column="card_no"/>
        <result property="deleted" column="deleted"/>
        <result property="createBy" column="create_by"/>
        <result property="createTime" column="create_time"/>
        <result property="updateBy" column="update_by"/>
        <result property="updateTime" column="update_time"/>
        <result property="status" column="status"/>
        <result property="alipay" column="alipay"/>
    </resultMap>

    <sql id="selectMemberRealpersonVo">
        select id, user_id, name, card_no, deleted, create_by, create_time, update_by, update_time, status,alipay from member_realperson
    </sql>

    <select id="selectMemberRealpersonList" parameterType="com.fmall.project.system.member.domain.MemberRealperson"
            resultMap="MemberRealpersonResult">
        <include refid="selectMemberRealpersonVo"/>
        <where>
            <if test="id != null ">and id = #{id}</if>
            <if test="userId != null">and user_id = #{userId}</if>
            <if test="name != null and name != ''">and name = #{name}</if>
            <if test="alipay != null and alipay != ''">and alipay = #{alipay}</if>
            <if test="cardNo != null ">and card_no = #{cardNo}</if>
            <if test="deleted != null ">and deleted = #{deleted}</if>
            <if test="createBy != null ">and create_by = #{createBy}</if>
            <if test="createTime != null">and create_time = #{createTime}</if>
            <if test="updateBy != null and updateBy != ''">and update_by = #{updateBy}</if>
            <if test="updateTime != null ">and update_time = #{updateTime}</if>
            <if test="status != null ">and status = #{status}</if>
        </where>
        <choose>
            <when test="orderField != null and orderField != ''">
                order by ${orderField}
            </when>
            <otherwise>
                order by create_time desc
            </otherwise>
        </choose>
    </select>
<select id="selectMemberRealpersonByUserzfb" parameterType="String" resultMap="MemberRealpersonResult">
        select user_id
         from member_realperson
        where   alipay like CONCAT('%',#{userzfb},'%')
    </select>

    <select id="queryPageMemberRealpersonList" parameterType="com.fmall.project.system.member.domain.MemberRealperson"
            resultMap="MemberRealpersonResult">
        <include refid="selectMemberRealpersonVo"/>
        <where>
            <if test="id != null and id != ''">and id = #{id}</if>
            <if test="userId != null">and user_id = #{userId}</if>
            <if test="name != null and name != ''">and `name` like CONCAT('%',#{name},'%')</if>
            <if test="alipay != null and alipay != ''">and alipay like CONCAT('%',#{alipay},'%')</if>
            <if test="cardNo != null and cardNo != ''">and card_no like CONCAT('%',#{cardNo},'%')</if>
            <if test="deleted != null ">and deleted = #{deleted}</if>
            <if test="createBy != null and createBy != ''">and create_by = #{createBy}</if>
            <if test="startTime !=null   ">
                <![CDATA[ and create_time  >=  #{startTime}  ]]>
            </if>
            <if test="endTime !=null   ">
                <![CDATA[ and create_time <=  #{endTime}  ]]>
            </if>
            <if test="updateBy != null and updateBy != ''">and update_by = #{updateBy}</if>
            <if test="updateTime != null ">and update_time = #{updateTime}</if>
            <if test="status != null ">and status = #{status}</if>
        </where>
        <choose>
            <when test="orderField != null and orderField != ''">
                order by ${orderField}
            </when>
            <otherwise>
                order by create_time desc
            </otherwise>
        </choose>
    </select>


    <select id="selectMemberRealpersonById" parameterType="Integer" resultMap="MemberRealpersonResult">
        <include refid="selectMemberRealpersonVo"/>
        where id = #{id}
    </select>

<select id="selectMemberRealpersonByUserId" parameterType="Long" resultMap="MemberRealpersonResult">
        <include refid="selectMemberRealpersonVo"/>
        where user_id = #{userId} and status = 1 order by create_time desc  limit 1
    </select>
    <insert id="insertMemberRealperson" parameterType="com.fmall.project.system.member.domain.MemberRealperson">
        insert into member_realperson (
							id, 
							user_id, 
							name, 
							card_no, 
							deleted, 
							create_by, 
							create_time, 
							update_by, 
							update_time, 
							alipay, 
							status        )values(
			#{id}, 
			#{userId}, 
			#{name}, 
			#{cardNo}, 
			#{deleted}, 
			#{createBy}, 
			sysdate(),
			#{updateBy}, 
			#{updateTime},
			#{alipay}, 
			#{status}		)
    </insert>

    <update id="updateMemberRealperson" parameterType="com.fmall.project.system.member.domain.MemberRealperson">
        update member_realperson
        <set>
            <if test="userId != null">user_id = #{userId},</if>
            <if test="name != null and name != ''">name = #{name},</if>
            <if test="cardNo != null and cardNo != ''">card_no = #{cardNo},</if>
            <if test="alipay != null and alipay != ''">alipay = #{alipay},</if>
            <if test="deleted != null ">deleted = #{deleted},</if>
            <if test="createBy != null and createBy != ''">create_by = #{createBy},</if>
            <if test="createTime != null">create_time = #{createTime},</if>
            <if test="updateBy != null and updateBy != ''">update_by = #{updateBy},</if>
            <if test="updateTime != null ">update_time = #{updateTime},</if>
            <if test="status != null ">status = #{status}</if>
        </set>
        where id = #{id}
    </update>

    <delete id="deleteMemberRealpersonById" parameterType="Integer">
        delete from member_realperson where id = #{id}
    </delete>

    <delete id="deleteMemberRealpersonByIds" parameterType="String">
        delete from member_realperson where id in
        <foreach item="id" collection="array" open="(" separator="," close=")">
            #{id}
        </foreach>
    </delete>

    <select id="selectRealTimesByUserId" resultType="java.lang.Integer" parameterType="java.util.Map">
    SELECT
    IFNULL(COUNT( 1 ),0)
    FROM
	member_realperson
    WHERE
	deleted = 0
	AND STATUS = 1
	AND  create_time <![CDATA[>=]]> #{startTime}
	AND  create_time <![CDATA[<=]]> #{endTime}
	AND user_id=#{userId}
	AND status=#{status}
    </select>
    
    <select id="getOneMember" resultMap="MemberRealpersonResult">
        select id, user_id, name, card_no, deleted, create_by, create_time, update_by, update_time, status,alipay from
        member_realperson
        <where>
            <if test="id != null ">and id = #{id}</if>
            <if test="userId != null ">and user_id = #{userId}</if>
            <if test="name != null and name != ''">and name = #{name}</if>
            <if test="alipay != null and alipay != ''">and alipay = #{alipay}</if>
            <if test="cardNo != null and cardNo != ''">and card_no = #{cardNo}</if>
            <if test="deleted != null ">and deleted = #{deleted}</if>
            <if test="createBy != null ">and create_by = #{createBy}</if>
            <if test="createTime != null">and create_time = #{createTime}</if>
            <if test="updateBy != null and updateBy != ''">and update_by = #{updateBy}</if>
            <if test="updateTime != null ">and update_time = #{updateTime}</if>
            <if test="status != null ">and status = #{status}</if>
        </where>
        order by create_time desc limit 1
    </select>
</mapper>