<?xml version="1.0" encoding="UTF-8" ?>
<!DOCTYPE mapper
        PUBLIC "-//mybatis.org//DTD Mapper 3.0//EN"
        "http://mybatis.org/dtd/mybatis-3-mapper.dtd">
<mapper namespace="com.fmall.project.system.member.mapper.MemberDeliveryAmountMapper">

    <resultMap type="MemberDeliveryAmount" id="MemberDeliveryAmountResult">
        <result property="deliveryId" column="delivery_id"/>
        <result property="deliveryDay" column="delivery_day"/>
        <result property="totalAmount" column="total_amount"/>
        <result property="type" column="type"/>
    </resultMap>

    <sql id="selectMemberDeliveryAmountVo">
        select delivery_id, delivery_day, total_amount, type from member_delivery_amount
    </sql>

    <select id="selectMemberDeliveryAmountList" parameterType="MemberDeliveryAmount"
            resultMap="MemberDeliveryAmountResult">
        <include refid="selectMemberDeliveryAmountVo"/>
        <where>
            <if test="deliveryId != null ">and delivery_id = #{deliveryId}</if>
            <if test="deliveryDay != null and deliveryDay != ''">and delivery_day = #{deliveryDay}</if>
            <if test="totalAmount != null and totalAmount != ''">and total_amount = #{totalAmount}</if>
            <if test="type != null ">and type = #{type}</if>
        </where>
        <if test="orderField != null and orderField != ''">
            order by ${orderField}
        </if>
    </select>


    <select id="queryPageMemberDeliveryAmountList" parameterType="MemberDeliveryAmount"
            resultMap="MemberDeliveryAmountResult">
        <include refid="selectMemberDeliveryAmountVo"/>
        <where>
            <if test="deliveryId != null ">and delivery_id = #{deliveryId}</if>
            <if test="deliveryDay != null and deliveryDay != ''">and delivery_day = #{deliveryDay}</if>
            <if test="totalAmount != null and totalAmount != ''">and total_amount = #{totalAmount}</if>
            <if test="type != null ">and type = #{type}</if>
        </where>
        <if test="orderField != null and orderField != ''">
            order by ${orderField}
        </if>
    </select>


    <select id="selectMemberDeliveryAmountById" parameterType="Long" resultMap="MemberDeliveryAmountResult">
        <include refid="selectMemberDeliveryAmountVo"/>
        where delivery_id = #{deliveryId}
    </select>
    <select id="rechargeAmount" resultType="java.math.BigDecimal">
        SELECT IFNULL( sum(amount) , 0.0 )
        FROM  member_delivery_amount
        WHERE  deleted = 0
        AND  trade_type = 5
        AND create_time <![CDATA[>]]> #{startDay}
        AND create_time <![CDATA[<=]]> #{endDay}
    </select>
    <!--统计一天内用户加价分佣，交割分佣-->
    <select id="statistics" resultType="java.math.BigDecimal">
        <if test="type == 1">
            SELECT IFNULL( sum(amount) , 0.0)
            FROM member_account_detail
            WHERE deleted = 0
            AND trade_type = 5
            AND create_time <![CDATA[>]]> #{startDay}
            AND create_time <![CDATA[<=]]> #{endDay}
        </if>
        <if test="type == 2">
            SELECT IFNULL( sum(amount) , 0.0)
            FROM member_account_detail
            WHERE deleted = 0
            AND trade_type = 6
            AND create_time <![CDATA[>]]> #{startDay}
            AND create_time <![CDATA[<=]]> #{endDay}
        </if>
    </select>

    <insert id="insertMemberDeliveryAmount" parameterType="MemberDeliveryAmount">
        insert into member_delivery_amount (
							delivery_id, 
							delivery_day, 
							total_amount, 
							type        )values(
			#{deliveryId}, 
			#{deliveryDay}, 
			#{totalAmount}, 
			#{type}		)
    </insert>

    <update id="updateMemberDeliveryAmount" parameterType="MemberDeliveryAmount">
        update member_delivery_amount
        <set>
            <if test="deliveryDay != null and deliveryDay != ''">delivery_day = #{deliveryDay},</if>
            <if test="totalAmount != null and totalAmount != ''">total_amount = #{totalAmount},</if>
            <if test="type != null ">type = #{type}</if>
        </set>
        where delivery_id = #{deliveryId}
    </update>

    <delete id="deleteMemberDeliveryAmountById" parameterType="Long">
        delete from member_delivery_amount where delivery_id = #{deliveryId}
    </delete>

    <delete id="deleteMemberDeliveryAmountByIds" parameterType="String">
        delete from member_delivery_amount where delivery_id in
        <foreach item="deliveryId" collection="array" open="(" separator="," close=")">
            #{deliveryId}
        </foreach>
    </delete>

</mapper>