<?xml version="1.0" encoding="UTF-8" ?>
<!DOCTYPE mapper
        PUBLIC "-//mybatis.org//DTD Mapper 3.0//EN"
        "http://mybatis.org/dtd/mybatis-3-mapper.dtd">
<mapper namespace="com.fmall.project.system.member.mapper.MemberAccountformExceptionMapper">

    <resultMap type="MemberAccountformException" id="MemberAccountformExceptionResult">
        <result property="id" column="id"/>
        <result property="userId" column="userId"/>
        <result property="accountDetailTypeEnum" column="accountDetailTypeEnum"/>
        <result property="tradeTypeEnum" column="tradeTypeEnum"/>
        <result property="money" column="money"/>
        <result property="thirdTradeNo" column="thirdTradeNo"/>
        <result property="remark" column="remark"/>
        <result property="deleted" column="deleted"/>
        <result property="createBy" column="create_by"/>
        <result property="createTime" column="create_time"/>
        <result property="updateBy" column="update_by"/>
        <result property="updateTime" column="update_time"/>
    </resultMap>

    <sql id="selectMemberAccountformExceptionVo">
        select id, userId, accountDetailTypeEnum, tradeTypeEnum, money, thirdTradeNo, remark, deleted, create_by, create_time, update_by, update_time from member_accountForm_exception
    </sql>

    <select id="selectMemberAccountformExceptionList" parameterType="MemberAccountformException"
            resultMap="MemberAccountformExceptionResult">
        <include refid="selectMemberAccountformExceptionVo"/>
        <where>
            <if test="id != null ">and id = #{id}</if>
            <if test="userId != null ">and userId = #{userId}</if>
            <if test="accountDetailTypeEnum != null ">and accountDetailTypeEnum = #{accountDetailTypeEnum}</if>
            <if test="tradeTypeEnum != null ">and tradeTypeEnum = #{tradeTypeEnum}</if>
            <if test="money != null ">and money = #{money}</if>
            <if test="thirdTradeNo != null and thirdTradeNo != ''">and thirdTradeNo = #{thirdTradeNo}</if>
            <if test="remark != null and remark != ''">and remark = #{remark}</if>
            <if test="deleted != null ">and deleted = #{deleted}</if>
            <if test="createBy != null and createBy != ''">and create_by = #{createBy}</if>
            <if test="createTime != null ">and create_time = #{createTime}</if>
            <if test="updateBy != null and updateBy != ''">and update_by = #{updateBy}</if>
            <if test="updateTime != null ">and update_time = #{updateTime}</if>
        </where>
        <if test="orderField != null and orderField != ''">
            order by ${orderField}
        </if>
    </select>


    <select id="queryPageMemberAccountformExceptionList" parameterType="MemberAccountformException"
            resultMap="MemberAccountformExceptionResult">
        <include refid="selectMemberAccountformExceptionVo"/>
        <where>
            <if test="id != null ">and id = #{id}</if>
            <if test="userId != null ">and userId = #{userId}</if>
            <if test="accountDetailTypeEnum != null ">and accountDetailTypeEnum = #{accountDetailTypeEnum}</if>
            <if test="tradeTypeEnum != null ">and tradeTypeEnum = #{tradeTypeEnum}</if>
            <if test="money != null ">and money = #{money}</if>
            <if test="thirdTradeNo != null and thirdTradeNo != ''">and thirdTradeNo = #{thirdTradeNo}</if>
            <if test="remark != null and remark != ''">and remark = #{remark}</if>
            <if test="deleted != null ">and deleted = #{deleted}</if>
            <if test="createBy != null and createBy != ''">and create_by = #{createBy}</if>
            <if test="createTime != null ">and create_time = #{createTime}</if>
            <if test="updateBy != null and updateBy != ''">and update_by = #{updateBy}</if>
            <if test="updateTime != null ">and update_time = #{updateTime}</if>
        </where>
        <if test="orderField != null and orderField != ''">
            order by ${orderField}
        </if>
    </select>


    <select id="selectMemberAccountformExceptionById" parameterType="Long" resultMap="MemberAccountformExceptionResult">
        <include refid="selectMemberAccountformExceptionVo"/>
        where id = #{id}
    </select>
    <select id="selectMemberAccountformExceptionListJob"
            resultMap="MemberAccountformExceptionResult">
 select id, userId, accountDetailTypeEnum, tradeTypeEnum, money,
 thirdTradeNo, remark, deleted, create_by, create_time, update_by,
  update_time from member_accountForm_exception
    where deleted = 0
    </select>

    <insert id="insertMemberAccountformException" parameterType="MemberAccountformException">
        insert into member_accountForm_exception (
							id, 
							userId, 
							accountDetailTypeEnum, 
							tradeTypeEnum, 
							money, 
							thirdTradeNo, 
							remark, 
							deleted, 
							create_by, 
							create_time, 
							update_by, 
							update_time        )values(
			#{id}, 
			#{userId}, 
			#{accountDetailTypeEnum}, 
			#{tradeTypeEnum}, 
			#{money}, 
			#{thirdTradeNo}, 
			#{remark}, 
			0,
			#{createBy}, 
			now(),
			#{updateBy}, 
			#{updateTime}		)
    </insert>

    <update id="updateMemberAccountformException" parameterType="MemberAccountformException">
        update member_accountForm_exception
        <set>
            <if test="userId != null ">userId = #{userId},</if>
            <if test="accountDetailTypeEnum != null ">accountDetailTypeEnum = #{accountDetailTypeEnum},</if>
            <if test="tradeTypeEnum != null ">tradeTypeEnum = #{tradeTypeEnum},</if>
            <if test="money != null ">money = #{money},</if>
            <if test="thirdTradeNo != null and thirdTradeNo != ''">thirdTradeNo = #{thirdTradeNo},</if>
            <if test="remark != null and remark != ''">remark = #{remark},</if>
            <if test="deleted != null ">deleted = #{deleted},</if>
            <if test="createBy != null and createBy != ''">create_by = #{createBy},</if>
            <if test="createTime != null ">create_time = #{createTime},</if>
            <if test="updateBy != null and updateBy != ''">update_by = #{updateBy},</if>
            <if test="updateTime != null ">update_time = #{updateTime}</if>
        </set>
        where id = #{id}
    </update>

    <delete id="deleteMemberAccountformExceptionById" parameterType="Long">
        delete from member_accountForm_exception where id = #{id}
    </delete>

    <delete id="deleteMemberAccountformExceptionByIds" parameterType="String">
        delete from member_accountForm_exception where id in
        <foreach item="id" collection="array" open="(" separator="," close=")">
            #{id}
        </foreach>
    </delete>

</mapper>