<?xml version="1.0" encoding="UTF-8" ?>
<!DOCTYPE mapper
        PUBLIC "-//mybatis.org//DTD Mapper 3.0//EN"
        "http://mybatis.org/dtd/mybatis-3-mapper.dtd">
<mapper namespace="com.fmall.project.system.member.mapper.MemberAccountMapper">

    <resultMap type="MemberAccount" id="MemberAccountResult">
        <result property="userId" column="user_id"/>
        <result property="amount" column="amount"/>
        <result property="integral" column="integral"/>
        <result property="yesterdayProfit" column="yesterday_profit"/>
        <result property="lockAmount" column="lock_amount"/>
        <result property="totalIncome" column="total_income"/>
        <result property="deleted" column="deleted"/>
        <result property="lable" column="lable"/>
        <result property="createBy" column="create_by"/>
        <result property="updateBy" column="update_by"/>
        <result property="createTime" column="create_time"/>
        <result property="updateTime" column="update_time"/>
    </resultMap>

    <sql id="selectMemberAccountVo">
        select user_id, amount, integral, yesterday_profit, lock_amount, total_income,lable, deleted, create_by, update_by, create_time, update_time from member_account
    </sql>

    <select id="selectMemberAccountList" parameterType="MemberAccount" resultMap="MemberAccountResult">
        <include refid="selectMemberAccountVo"/>
        <where>
            <if test="userId != null ">and user_id = #{userId}</if>
            <if test="amount != null and amount != ''">and amount = #{amount}</if>
            <if test="integral != null ">and integral = #{integral}</if>
            <if test="yesterdayProfit != null ">and yesterday_profit = #{yesterdayProfit}</if>
            <if test="lockAmount != null ">and lock_amount = #{lockAmount}</if>
            <if test="totalIncome != null ">and total_income = #{totalIncome}</if>
            <if test="deleted != null ">and deleted = #{deleted}</if>
            <if test="lable != null ">and lable = #{lable}</if>
            <if test="createBy != null and createBy != ''">and create_by = #{createBy}</if>
            <if test="updateBy != null and updateBy != ''">and update_by = #{updateBy}</if>
            <if test="createTime != null ">and create_time = #{createTime}</if>
            <if test="updateTime != null ">and update_time = #{updateTime}</if>
        </where>
        <choose>
            <when test="orderField != null and orderField != ''">
                order by ${orderField}
            </when>
            <otherwise>
                order by create_time desc
            </otherwise>
        </choose>
    </select>


    <select id="queryPageMemberAccountList" parameterType="MemberAccount" resultMap="MemberAccountResult">
        <include refid="selectMemberAccountVo"/>
        <where>
            <if test="userId != null ">and user_id = #{userId}</if>
            <if test="amount != null ">and amount = #{amount}</if>
            <if test="integral != null ">and integral = #{integral}</if>
            <if test="yesterdayProfit != null ">and yesterday_profit = #{yesterdayProfit}</if>
            <if test="lockAmount != null ">and lock_amount = #{lockAmount}</if>
            <if test="totalIncome != null">and total_income = #{totalIncome}</if>
            <if test="deleted != null ">and deleted = #{deleted}</if>
            <if test="lable != null ">and lable = #{lable}</if>
            <if test="createBy != null and createBy != ''">and create_by = #{createBy}</if>
            <if test="updateBy != null and updateBy != ''">and update_by = #{updateBy}</if>
            <if test="createTime != null ">and create_time = #{createTime}</if>
            <if test="updateTime != null ">and update_time = #{updateTime}</if>
        </where>
        <choose>
            <when test="orderField != null and orderField != ''">
                order by ${orderField}
            </when>
            <otherwise>
                order by create_time desc
            </otherwise>
        </choose>
    </select>


    <select id="selectMemberAccountById" parameterType="Long" resultMap="MemberAccountResult">
        <include refid="selectMemberAccountVo"/>
        where user_id = #{userId}
    </select>


    <insert id="insertMemberAccount" parameterType="MemberAccount">
        insert into member_account (
							user_id, 
							amount, 
							integral, 
							yesterday_profit, 
							lock_amount, 
							total_income, 
							deleted, 
							lable,
							create_by,
							update_by, 
							create_time, 
							update_time        )values(
			#{userId}, 
			#{amount}, 
			#{integral}, 
			#{yesterdayProfit}, 
			#{lockAmount}, 
			#{totalIncome}, 
			0, 
			0,
			#{createBy},
			#{updateBy}, 
			now(), 
			#{updateTime}		)
    </insert>

    <update id="updateMemberAccount" parameterType="MemberAccount">
        update member_account
        <set>
            <if test="amount != null ">amount = #{amount},</if>
            <if test="integral != null ">integral = #{integral},</if>
            <if test="yesterdayProfit != null ">yesterday_profit = #{yesterdayProfit},</if>
            <if test="lockAmount != null ">lock_amount = #{lockAmount},</if>
            <if test="totalIncome != null ">total_income = #{totalIncome},</if>
            <if test="deleted != null ">deleted = #{deleted},</if>
            <if test="lable != null ">lable = #{lable},</if>
            <if test="createBy != null and createBy != ''">create_by = #{createBy},</if>
            <if test="updateBy != null and updateBy != ''">update_by = #{updateBy},</if>
            <if test="createTime != null ">create_time = #{createTime},</if>
            <if test="updateTime != null ">update_time = #{updateTime}</if>
        </set>
        where user_id = #{userId}
    </update>

    <delete id="deleteMemberAccountById" parameterType="Long">
        delete from member_account where user_id = #{userId}
    </delete>

    <delete id="deleteMemberAccountByIds" parameterType="String">
        delete from member_account where user_id in
        <foreach item="userId" collection="array" open="(" separator="," close=")">
            #{userId}
        </foreach>
    </delete>

    <update id="subMoney" parameterType="map">
        update member_account
        <set>
            lable  = #{lable} + 1
            <if test="amount != null ">
               , amount = amount - #{amount}
            </if>
        </set>
        <where>
            and user_id = #{userId}
            and deleted = 0 and lable =  #{lable}
            <if test="amount != null ">
                and amount - #{amount} >= 0
            </if>
            <if test="oldMoney != null ">
                and amount = #{oldMoney}
            </if>
        </where>
    </update>
    <update id="addMoney" parameterType="map">
        update member_account
        <set>
            lable  = #{lable} + 1
            <if test="amount != null ">
                , amount = amount + #{amount}
            </if>
            <if test="totalIncome != null ">
                ,total_income = total_income + #{totalIncome}
            </if>
        </set>
        <where>
            and user_id = #{userId} and deleted = 0 and lable =  #{lable}
            <if test="oldMoney != null ">
                and amount = #{oldMoney}
            </if>

        </where>
    </update>

</mapper>