<?xml version="1.0" encoding="UTF-8" ?>
<!DOCTYPE mapper
        PUBLIC "-//mybatis.org//DTD Mapper 3.0//EN"
        "http://mybatis.org/dtd/mybatis-3-mapper.dtd">
<mapper namespace="com.fmall.project.system.order.mapper.OrderMapper">

    <resultMap type="Order" id="OrderResult">
        <result property="orderId" column="order_id"/>
        <result property="orderNo" column="orderNo"/>
        <result property="goodsId" column="goods_id"/>
        <result property="goodsName" column="goods_name"/>
        <result property="logo" column="logo"/>
        <result property="auctionId" column="auction_id"/>
        <result property="auctionDetailId" column="auction_detail_id"/>
        <result property="addressId" column="address_id"/>
        <result property="userId" column="user_id"/>
        <result property="phone" column="phone"/>
        <result property="userName" column="user_name"/>
        <result property="consignee" column="consignee"/>
        <result property="address" column="address"/>
        <result property="mobile" column="mobile"/>
        <result property="carrierId" column="carrier_id"/>
        <result property="logisticsName" column="logistics_name"/>
        <result property="logisticsCode" column="logistics_code"/>
        <result property="logisticsNo" column="logistics_no"/>
        <result property="deliverTime" column="deliver_time"/>
        <result property="payTime" column="pay_time"/>
        <result property="orderStatus" column="order_status"/>
        <result property="type" column="type"/>
        <result property="contractUrl" column="contract_url"/>
        <result property="remark" column="remark"/>
        <result property="orderType" column="order_type"/>
        <result property="payStatus" column="pay_status"/>
        <result property="orderPrice" column="order_price"/>
        <result property="pledgePrice" column="pledge_price"/>
        <result property="transactionPrice" column="transaction_price"/>
        <result property="deleted" column="deleted"/>
        <result property="createBy" column="create_by"/>
        <result property="createTime" column="create_time"/>
        <result property="updateBy" column="update_by"/>
        <result property="updateTime" column="update_time"/>
        <result property="displayArea" column="display_area"/>
        <result property="supplierId" column="supplier_id"/>
        <result property="supplier" column="supplier"/>
        <result property="costPrice" column="cost_price"/>
        <result property="ratio" column="ratio"/>
    </resultMap>

    <sql id="selectOrderVo">
        select order_id, orderNo,goods_id, goods_name, logo, auction_id, auction_detail_id, address_id, user_id, phone, user_name, consignee, address, mobile, carrier_id, logistics_name, logistics_code, logistics_no, deliver_time, pay_time, order_status, type, contract_url, remark, order_type, pay_status, order_price, pledge_price, transaction_price, deleted, create_by, create_time, update_by, update_time, display_area, supplier_id, supplier, cost_price,ratio from `order`
    </sql>

<select id="getOrderAmount" parameterType="Long" resultType="java.math.BigDecimal">
        SELECT
        IFNULL(SUM(order_price),0)
        FROM
        `order`
        WHERE
        user_id = #{userId}
        and  order_status in (1,2,3) 
         and type in (2,3) 
    </select>
    <select id="getCloseAmountOrderList" parameterType="Long" resultMap="OrderResult">
        <include refid="selectOrderVo"/>
        WHERE
        user_id = #{userId}
        and  type in (2,3) 
    </select>
    <select id="getCloseAmountPmshqd" parameterType="Long" resultMap="OrderResult">
        <include refid="selectOrderVo"/>
        WHERE
        user_id = #{userId}
        and  order_status in (2,3) 
    </select>
    
    <select id="getShippedAmount" parameterType="Long" resultType="java.math.BigDecimal">
        SELECT
        IFNULL(SUM(cost_price),0)
        FROM
        `order`
        WHERE
        user_id = #{userId}
        and  order_status in (2,3) 
    </select>
    
    <select id="getNoShippedAmount" parameterType="Long" resultType="java.math.BigDecimal">
        SELECT
        IFNULL(SUM(cost_price),0)
        FROM
        `order`
        WHERE
        user_id = #{userId}
        and  order_status = 1
    </select>
    <select id="selectOrderList" parameterType="Order" resultMap="OrderResult">
        <include refid="selectOrderVo"/>
        <where>
            <if test="orderId != null ">and order_id = #{orderId}</if>
            <if test="goodsId != null ">and goods_id = #{goodsId}</if>
            <if test="orderNo != null and orderNo != ''">and orderNo = #{orderNo}</if>
            <if test="goodsName != null and goodsName != ''">and goods_name = #{goodsName}</if>
            <if test="logo != null and logo != ''">and logo = #{logo}</if>
            <if test="auctionId != null ">and auction_id = #{auctionId}</if>
            <if test="auctionDetailId != null">and auction_detail_id = #{auctionDetailId}</if>
            <if test="addressId != null ">and address_id = #{addressId}</if>
            <if test="userId != null">and user_id = #{userId}</if>
            <if test="phone != null and phone != ''">and phone = #{phone}</if>
            <if test="userName != null and userName != ''">and user_name = #{userName}</if>
            <if test="consignee != null and consignee != ''">and consignee = #{consignee}</if>
            <if test="address != null and address != ''">and address = #{address}</if>
            <if test="mobile != null and mobile != ''">and mobile = #{mobile}</if>
            <if test="carrierId != null ">and carrier_id = #{carrierId}</if>
            <if test="logisticsName != null and logisticsName != ''">and logistics_name = #{logisticsName}</if>
            <if test="logisticsCode != null and logisticsCode != ''">and logistics_code = #{logisticsCode}</if>
            <if test="logisticsNo != null and logisticsNo != ''">and logistics_no = #{logisticsNo}</if>
            <if test="deliverTime != null ">and deliver_time = #{deliverTime}</if>
            <if test="payTime != null ">and pay_time = #{payTime}</if>
            <if test="orderStatus != null ">and order_status = #{orderStatus}</if>
            <if test="type != null">and type = #{type}</if>
            <if test="contractUrl != null and contractUrl != ''">and contract_url = #{contractUrl}</if>
            <if test="remark != null and remark != ''">and remark = #{remark}</if>
            <if test="orderType != null ">and order_type = #{orderType}</if>
            <if test="payStatus != null ">and pay_status = #{payStatus}</if>
            <if test="orderPrice != null and orderPrice != ''">and order_price = #{orderPrice}</if>
            <if test="pledgePrice != null and pledgePrice != ''">and pledge_price = #{pledgePrice}</if>
            <if test="transactionPrice != null and transactionPrice != ''">and transaction_price = #{transactionPrice}
            </if>
            <if test="deleted != null ">and deleted = #{deleted}</if>
            <if test="createBy != null and createBy != ''">and create_by = #{createBy}</if>
            <if test="createTime != null ">and create_time = #{createTime}</if>
            <if test="updateBy != null and updateBy != ''">and update_by = #{updateBy}</if>
            <if test="updateTime != null ">and update_time = #{updateTime}</if>
            <if test="displayArea != null ">and display_area = #{displayArea}</if>
            <if test="supplierId != null">and supplier_id = #{supplierId}</if>
            <if test="ratio != null">and ratio = #{ratio}</if>
            <if test="supplier != null and supplier != ''">and supplier = #{supplier}</if>
            <if test="costPrice != null and costPrice != ''">and cost_price = #{costPrice}</if>
        </where>
        <choose>
            <when test="orderField != null and orderField != ''">
                order by ${orderField}
            </when>
            <otherwise>
                order by create_time desc
            </otherwise>
        </choose>
    </select>


    <select id="queryPageOrderList" parameterType="Order" resultMap="OrderResult">
        <include refid="selectOrderVo"/>
        <where>
            <if test="goodsNameId != null and goodsNameId != ''">
                and (goods_name like CONCAT('%',#{goodsNameId},'%') or goods_id = #{goodsNameId})
            </if>
            <if test="buyerNamePhone != null and buyerNamePhone != ''">
                and (phone like CONCAT('%',#{buyerNamePhone},'%') or user_name like CONCAT('%',#{buyerNamePhone},'%'))
            </if>
            <if test="address != null and address != '' ">
                and address like CONCAT('%',#{address},'%')
            </if>
            <if test="orderId != null">
                and order_id = #{orderId}
            </if>
            <if test="userId != null">
                and user_id = #{userId}
            </if>
            <if test="orderNo != null and orderNo != ''">
                and orderNo = #{orderNo}
            </if>
            <if test="remark != null and remark != ''">
                and remark like CONCAT('%',#{remark},'%')
            </if>
            <if test="orderStatus != null">
                and order_status = #{orderStatus}
            </if>
            <if test="type != null">
                and type = #{type}
            </if>
            <if test="supplierId != null">
                and supplier_id = #{supplierId}
            </if>
            <if test="mobile != null and mobile != '' ">
                and mobile like CONCAT('%',#{mobile},'%')
            </if>
            <if test="startCreateTime != null and endCreateTime != null">
                and create_time >= #{startCreateTime}
                and create_time &lt;= #{endCreateTime}
            </if>
            <if test="startTime != null and endTime != null">
                and update_time >= #{startTime}
                and update_time &lt;= #{endTime}
            </if>
            <if test="startPayTime != null and endPayTime != null">
                and pay_time >= #{startPayTime}
                and pay_time &lt;= #{endPayTime}
            </if>
        </where>
        order by create_time desc
    </select>


    <select id="selectOrderById" parameterType="Long" resultMap="OrderResult">
        <include refid="selectOrderVo"/>
        where order_id = #{orderId}
    </select>

    <select id="selectOrderByAuctionId" parameterType="Long" resultMap="OrderResult">
        <include refid="selectOrderVo"/>
        where auction_id = #{auctionId}
    </select>
    <select id="selectOrderIdList" resultType="java.lang.Long" parameterType="map">
        select order_id from `order`
        where deleted = 0
        <if test="type != null and type == 1">
            and create_time &lt;= #{time} and order_status = 0 and pay_status = 0
        </if>
        <if test="type != null and type == 2">
            and deliver_time &lt;= #{time} and order_status = 2
        </if>
    </select>
    <select id="queryPageOrderPagelist" parameterType="Order" resultType="com.fmall.project.system.order.domain.Order">
        SELECT
        lepai.id,
        lepai.orderNo,
        lepai.user_id userId,
        lepai.money money,
        lepai.transaction_id transactionId,
        lepai.type,
        lepai.pay_type payType,
        lepai.pay_time payTime,
        lepai.deleted,
        lepai.status status,
        lepai.create_by,
        lepai.create_time,
        lepai.update_by,
        lepai.update_time,
        lepaim.username,
        lepaim.phone
        FROM
        order_recharge_log lepai
        INNER JOIN member lepaim ON lepaim.user_id = lepai.user_id
        <where>
            and lepai.deleted = 0
            <if test="username != null and username != ''">
                and (username like CONCAT('%', #{username},'%') or lepaim.phone like CONCAT('%', #{username},'%') )
            </if>
            <if test="type != null ">
                and lepai.type = #{type}
            </if>
            <if test="payType != null ">
                and lepai.pay_type = #{payType}
            </if>
            <if test="status != null ">
                and lepai.status = #{status}
            </if>
            <if test="startTime != null and endTime != null">
                and lepai.pay_time >= #{startTime}
                and lepai.pay_time &lt;= #{endTime}
            </if>
        </where>
        order by create_time desc

    </select>
    <select id="getOneByquery" parameterType="Order" resultMap="OrderResult">
        <include refid="selectOrderVo"/>
        <where>
            <if test="orderId != null ">and order_id = #{orderId}</if>
            <if test="goodsId != null ">and goods_id = #{goodsId}</if>
            <if test="orderNo != null and orderNo != ''">and orderNo = #{orderNo}</if>
            <if test="goodsName != null and goodsName != ''">and goods_name = #{goodsName}</if>
            <if test="logo != null and logo != ''">and logo = #{logo}</if>
            <if test="auctionId != null ">and auction_id = #{auctionId}</if>
            <if test="auctionDetailId != null">and auction_detail_id = #{auctionDetailId}</if>
            <if test="addressId != null ">and address_id = #{addressId}</if>
            <if test="userId != null">and user_id = #{userId}</if>
            <if test="phone != null and phone != ''">and phone = #{phone}</if>
            <if test="userName != null and userName != ''">and user_name = #{userName}</if>
            <if test="consignee != null and consignee != ''">and consignee = #{consignee}</if>
            <if test="address != null and address != ''">and address = #{address}</if>
            <if test="mobile != null and mobile != ''">and mobile = #{mobile}</if>
            <if test="carrierId != null ">and carrier_id = #{carrierId}</if>
            <if test="logisticsName != null and logisticsName != ''">and logistics_name = #{logisticsName}</if>
            <if test="logisticsCode != null and logisticsCode != ''">and logistics_code = #{logisticsCode}</if>
            <if test="logisticsNo != null and logisticsNo != ''">and logistics_no = #{logisticsNo}</if>
            <if test="deliverTime != null ">and deliver_time = #{deliverTime}</if>
            <if test="payTime != null ">and pay_time = #{payTime}</if>
            <if test="orderStatus != null ">and order_status = #{orderStatus}</if>
            <if test="type != null">and type = #{type}</if>
            <if test="contractUrl != null and contractUrl != ''">and contract_url = #{contractUrl}</if>
            <if test="remark != null and remark != ''">and remark = #{remark}</if>
            <if test="orderType != null ">and order_type = #{orderType}</if>
            <if test="payStatus != null ">and pay_status = #{payStatus}</if>
            <if test="orderPrice != null and orderPrice != ''">and order_price = #{orderPrice}</if>
            <if test="pledgePrice != null and pledgePrice != ''">and pledge_price = #{pledgePrice}</if>
            <if test="transactionPrice != null and transactionPrice != ''">and transaction_price = #{transactionPrice}
            </if>
            <if test="deleted != null ">and deleted = #{deleted}</if>
            <if test="createBy != null and createBy != ''">and create_by = #{createBy}</if>
            <if test="createTime != null ">and create_time = #{createTime}</if>
            <if test="updateBy != null and updateBy != ''">and update_by = #{updateBy}</if>
            <if test="updateTime != null ">and update_time = #{updateTime}</if>
            <if test="displayArea != null ">and display_area = #{displayArea}</if>
            <if test="supplierId != null">and supplier_id = #{supplierId}</if>
            <if test="supplier != null and supplier != ''">and supplier = #{supplier}</if>
            <if test="costPrice != null and costPrice != ''">and cost_price = #{costPrice}</if>
        </where>
        limit 1
    </select>


    <insert id="insertOrder" parameterType="Order">
        <selectKey resultType="Long" keyProperty="orderId">
            SELECT LAST_INSERT_ID()
        </selectKey>
        insert into `order` (
        order_id,
        orderNo,
        goods_id,
        goods_name,
        logo,
        auction_id,
        auction_detail_id,
        address_id,
        user_id,
        phone,
        user_name,
        consignee,
        address,
        mobile,
        carrier_id,
        logistics_name,
        logistics_code,
        logistics_no,
        deliver_time,
        pay_time,
        order_status,
        type,
        contract_url,
        remark,
        order_type,
        pay_status,
        order_price,
        pledge_price,
        transaction_price,
        deleted,
        create_by,
        create_time,
        update_by,
        update_time,
        display_area,
        supplier_id,
        supplier,
        ratio,
        cost_price )values(
        #{orderId},
        #{orderNo},
        #{goodsId},
        #{goodsName},
        #{logo},
        #{auctionId},
        #{auctionDetailId},
        #{addressId},
        #{userId},
        #{phone},
        #{userName},
        #{consignee},
        #{address},
        #{mobile},
        #{carrierId},
        #{logisticsName},
        #{logisticsCode},
        #{logisticsNo},
        #{deliverTime},
        #{payTime},
        #{orderStatus},
        #{type},
        #{contractUrl},
        #{remark},
        #{orderType},
        #{payStatus},
        #{orderPrice},
        #{pledgePrice},
        #{transactionPrice},
        #{deleted},
        #{createBy},
        #{createTime},
        #{updateBy},
        #{updateTime},
        #{displayArea},
        #{supplierId},
        #{supplier},
        #{ratio},
        #{costPrice} )
    </insert>

    <update id="updateOrder" parameterType="Order">
        update `order`
        <set>
            <if test="goodsId != null ">goods_id = #{goodsId},</if>
            <if test="orderNo != null and orderNo != ''">orderNo = #{orderNo},</if>
            <if test="goodsName != null and goodsName != ''">goods_name = #{goodsName},</if>
            <if test="logo != null and logo != ''">logo = #{logo},</if>
            <if test="auctionId != null ">auction_id = #{auctionId},</if>
            <if test="auctionDetailId != null">auction_detail_id = #{auctionDetailId},</if>
            <if test="addressId != null ">address_id = #{addressId},</if>
            <if test="userId != null">user_id = #{userId},</if>
            <if test="phone != null and phone != ''">phone = #{phone},</if>
            <if test="userName != null and userName != ''">user_name = #{userName},</if>
            <if test="consignee != null and consignee != ''">consignee = #{consignee},</if>
            <if test="address != null and address != ''">address = #{address},</if>
            <if test="mobile != null and mobile != ''">mobile = #{mobile},</if>
            <if test="carrierId != null ">carrier_id = #{carrierId},</if>
            <if test="logisticsName != null and logisticsName != ''">logistics_name = #{logisticsName},</if>
            <if test="logisticsCode != null and logisticsCode != ''">logistics_code = #{logisticsCode},</if>
            <if test="logisticsNo != null and logisticsNo != ''">logistics_no = #{logisticsNo},</if>
            <if test="deliverTime != null ">deliver_time = #{deliverTime},</if>
            <if test="payTime != null ">pay_time = #{payTime},</if>
            <if test="orderStatus != null ">order_status = #{orderStatus},</if>
            <if test="type != null">type = #{type},</if>
            <if test="contractUrl != null and contractUrl != ''">contract_url = #{contractUrl},</if>
            <if test="remark != null and remark != ''">remark = #{remark},</if>
            <if test="orderType != null ">order_type = #{orderType},</if>
            <if test="payStatus != null ">pay_status = #{payStatus},</if>
            <if test="orderPrice != null and orderPrice != ''">order_price = #{orderPrice},</if>
            <if test="pledgePrice != null and pledgePrice != ''">pledge_price = #{pledgePrice},</if>
            <if test="transactionPrice != null and transactionPrice != ''">transaction_price = #{transactionPrice},</if>
            <if test="deleted != null ">deleted = #{deleted},</if>
            <if test="createBy != null and createBy != ''">create_by = #{createBy},</if>
            <if test="createTime != null ">create_time = #{createTime},</if>
            <if test="updateBy != null and updateBy != ''">update_by = #{updateBy},</if>
            <if test="updateTime != null ">update_time = #{updateTime},</if>
            <if test="displayArea != null ">display_area = #{displayArea},</if>
            <if test="supplierId != null">supplier_id = #{supplierId},</if>
            <if test="ratio != null">ratio = #{ratio},</if>
            <if test="supplier != null and supplier != ''">supplier = #{supplier},</if>
            <if test="costPrice != null and costPrice != ''">cost_price = #{costPrice}</if>
        </set>
        where order_id = #{orderId}
    </update>


    <delete id="deleteOrderById" parameterType="Long">
        delete from `order` where order_id = #{orderId}
    </delete>

    <delete id="deleteOrderByIds" parameterType="String">
        delete from `order` where order_id in
        <foreach item="orderId" collection="array" open="(" separator="," close=")">
            #{orderId}
        </foreach>
    </delete>
    
    <select id="selectOrderOutTimeList" resultMap="OrderResult" >
        <include refid="selectOrderVo"/>
        where deleted = 0 and create_time <![CDATA[<=]]> #{time} and order_status = 0 and pay_status = 0
    </select>

</mapper>