<?xml version="1.0" encoding="UTF-8" ?>
<!DOCTYPE mapper
        PUBLIC "-//mybatis.org//DTD Mapper 3.0//EN"
        "http://mybatis.org/dtd/mybatis-3-mapper.dtd">
<mapper namespace="com.fmall.project.system.order.mapper.OrderRechargeLogMapper">

    <resultMap type="OrderRechargeLog" id="OrderRechargeLogResult">
        <result property="id" column="id"/>
        <result property="orderNo" column="orderNo"/>
        <result property="userId" column="user_id"/>
        <result property="money" column="money"/>
        <result property="transactionId" column="transaction_id"/>
        <result property="type" column="type"/>
        <result property="payType" column="pay_type"/>
        <result property="payTime" column="pay_time"/>
        <result property="remark" column="remark"/>
        <result property="deleted" column="deleted"/>
        <result property="status" column="status"/>
        <result property="createBy" column="create_by"/>
        <result property="createTime" column="create_time"/>
        <result property="updateBy" column="update_by"/>
        <result property="updateTime" column="update_time"/>
    </resultMap>

    <sql id="selectOrderRechargeLogVo">
        select id,orderNo, user_id, money, transaction_id, type, pay_type, pay_time, remark, deleted, status, create_by, create_time, update_by, update_time from order_recharge_log
    </sql>

    <select id="selectOrderRechargeLogList" parameterType="OrderRechargeLog" resultMap="OrderRechargeLogResult">
        <include refid="selectOrderRechargeLogVo"/>
        <where>
            <if test="id != null and id != ''">and id = #{id}</if>
            <if test="userId != null ">and user_id = #{userId}</if>
            <if test="orderNo != null and orderNo != ''">and orderNo = #{orderNo}</if>
            <if test="money != null and money != ''">and money = #{money}</if>
            <if test="transactionId != null">and transaction_id = #{transactionId}</if>
            <if test="type != null">and type = #{type}</if>
            <if test="payType != null ">and pay_type = #{payType}</if>
            <if test="payTime != null">and pay_time = #{payTime}</if>
            <if test="remark != null and remark != ''">and remark = #{remark}</if>
            <if test="deleted != null ">and deleted = #{deleted}</if>
            <if test="status != null ">and status = #{status}</if>
            <if test="createBy != null and createBy != ''">and create_by = #{createBy}</if>
            <if test="createTime != null ">and create_time = #{createTime}</if>
            <if test="updateBy != null and updateBy != ''">and update_by = #{updateBy}</if>
            <if test="updateTime != null ">and update_time = #{updateTime}</if>
        </where>
        <choose>
            <when test="orderField != null and orderField != ''">
                order by ${orderField}
            </when>
            <otherwise>
                order by create_time desc
            </otherwise>
        </choose>
    </select>


    <select id="queryPageOrderRechargeLogList" parameterType="OrderRechargeLog" resultMap="OrderRechargeLogResult">
        <include refid="selectOrderRechargeLogVo"/>
        <where>
            <if test="id != null and id != ''">and id = #{id}</if>
            <if test="userId != null ">and user_id = #{userId}</if>
            <if test="orderNo != null and orderNo != ''">and orderNo = #{orderNo}</if>
            <if test="money != null and money != ''">and money = #{money}</if>
            <if test="transactionId != null">and transaction_id = #{transactionId}</if>
            <if test="type != null">and type = #{type}</if>
            <if test="payType != null ">and pay_type = #{payType}</if>
            <if test="payTime != null">and pay_time = #{payTime}</if>
            <if test="remark != null and remark != ''">and remark = #{remark}</if>
            <if test="deleted != null ">and deleted = #{deleted}</if>
            <if test="status != null ">and status = #{status}</if>
            <if test="createBy != null and createBy != ''">and create_by = #{createBy}</if>
            <if test="createTime != null ">and create_time = #{createTime}</if>
            <if test="updateBy != null and updateBy != ''">and update_by = #{updateBy}</if>
            <if test="updateTime != null ">and update_time = #{updateTime}</if>
        </where>
        <choose>
            <when test="orderField != null and orderField != ''">
                order by ${orderField}
            </when>
            <otherwise>
                order by create_time desc
            </otherwise>
        </choose>
    </select>


    <select id="selectOrderRechargeLogById" parameterType="Long" resultMap="OrderRechargeLogResult">
        <include refid="selectOrderRechargeLogVo"/>
        where id = #{id}
    </select>

    <insert id="insertOrderRechargeLog" parameterType="OrderRechargeLog">
        <selectKey resultType="Long" keyProperty="id" order="AFTER">
            SELECT LAST_INSERT_ID()
        </selectKey>
        insert into order_recharge_log (
        id,
        orderNo,
        user_id,
        money,
        transaction_id,
        type,
        pay_type,
        pay_time,
        remark,
        deleted,
        status,
        create_by,
        create_time,
        update_by,
        update_time )values(
        #{id},
        #{orderNo},
        #{userId},
        #{money},
        #{transactionId},
        #{type},
        #{payType},
        #{payTime},
        #{remark},
        0,
        #{status},
        #{createBy},
        now(),
        #{updateBy},
        #{updateTime} )
    </insert>

    <update id="updateOrderRechargeLog" parameterType="OrderRechargeLog">
        update order_recharge_log
        <set>
            <if test="userId != null ">user_id = #{userId},</if>
            <if test="orderNo != null and orderNo != ''">orderNo = #{orderNo},</if>
            <if test="money != null and money != ''">money = #{money},</if>
            <if test="transactionId != null">transaction_id = #{transactionId},</if>
            <if test="type != null">type = #{type},</if>
            <if test="payType != null ">pay_type = #{payType},</if>
            <if test="payTime != null">pay_time = #{payTime},</if>
            <if test="remark != null and remark != ''">remark = #{remark},</if>
            <if test="deleted != null ">deleted = #{deleted},</if>
            <if test="status != null ">status = #{status},</if>
            <if test="createBy != null and createBy != ''">create_by = #{createBy},</if>
            <if test="createTime != null ">create_time = #{createTime},</if>
            <if test="updateBy != null and updateBy != ''">update_by = #{updateBy},</if>
            <if test="updateTime != null ">update_time = #{updateTime}</if>
        </set>
        where id = #{id}
    </update>

    <delete id="deleteOrderRechargeLogById" parameterType="Long">
        delete from order_recharge_log where id = #{id}
    </delete>

    <delete id="deleteOrderRechargeLogByIds" parameterType="String">
        delete from order_recharge_log where id in
        <foreach item="id" collection="array" open="(" separator="," close=")">
            #{id}
        </foreach>
    </delete>

    <select id="selectOrderRechargeLogOne" parameterType="OrderRechargeLog" resultMap="OrderRechargeLogResult">
        <include refid="selectOrderRechargeLogVo"/>
        <where>
            <if test="id != null">and id = #{id}</if>
            <if test="userId != null ">and user_id = #{userId}</if>
            <if test="orderNo != null and orderNo != ''">and orderNo = #{orderNo}</if>
            <if test="money != null and money != ''">and money = #{money}</if>
            <if test="transactionId != null">and transaction_id = #{transactionId}</if>
            <if test="type != null">and type = #{type}</if>
            <if test="payType != null ">and pay_type = #{payType}</if>
            <if test="payTime != null">and pay_time = #{payTime}</if>
            <if test="remark != null and remark != ''">and remark = #{remark}</if>
            <if test="deleted != null ">and deleted = #{deleted}</if>
            <if test="status != null ">and status = #{status}</if>
            <if test="createBy != null and createBy != ''">and create_by = #{createBy}</if>
            <if test="createTime != null ">and create_time = #{createTime}</if>
            <if test="updateBy != null and updateBy != ''">and update_by = #{updateBy}</if>
            <if test="updateTime != null ">and update_time = #{updateTime}</if>
        </where>
        <choose>
            <when test="orderField != null and orderField != ''">
                order by ${orderField}
            </when>
            <otherwise>
                order by create_time desc limit 1
            </otherwise>
        </choose>
    </select>

</mapper>