<?xml version="1.0" encoding="UTF-8" ?>
<!DOCTYPE mapper
        PUBLIC "-//mybatis.org//DTD Mapper 3.0//EN"
        "http://mybatis.org/dtd/mybatis-3-mapper.dtd">
<mapper namespace="com.fmall.project.system.order.mapper.OrderAmountMapper">

    <resultMap type="OrderAmount" id="OrderAmountResult">
        <result property="orderQuantityId" column="order_quantity_id"/>
        <result property="orderDay" column="order_day"/>
        <result property="orderNum" column="order_num"/>
        <result property="orderTransactionAmount" column="order_transaction_amount"/>
        <result property="orderProportion" column="order_proportion"/>
    </resultMap>

    <sql id="selectOrderAmountVo">
        select order_quantity_id, order_day, order_num, order_transaction_amount, order_proportion from order_amount
    </sql>

    <select id="selectOrderAmountList" parameterType="OrderAmount" resultMap="OrderAmountResult">
        <include refid="selectOrderAmountVo"/>
        <where>
            <if test="orderQuantityId != null ">and order_quantity_id = #{orderQuantityId}</if>
            <if test="orderDay != null and orderDay != ''">and order_day = #{orderDay}</if>
            <if test="orderNum != null and orderNum != ''">and order_num = #{orderNum}</if>
            <if test="orderTransactionAmount != null and orderTransactionAmount != ''">and order_transaction_amount =
                #{orderTransactionAmount}
            </if>
            <if test="orderProportion != null and orderProportion != ''">and order_proportion = #{orderProportion}</if>
        </where>
        <choose>
            <when test="orderField != null and orderField != ''">
                order by ${orderField}
            </when>
            <otherwise>
                order by create_time desc
            </otherwise>
        </choose>
    </select>


    <select id="queryPageOrderAmountList" parameterType="OrderAmount" resultMap="OrderAmountResult">
        <include refid="selectOrderAmountVo"/>
        <where>
            <if test="orderQuantityId != null ">and order_quantity_id = #{orderQuantityId}</if>
            <if test="orderDay != null and orderDay != ''">and order_day = #{orderDay}</if>
            <if test="orderNum != null and orderNum != ''">and order_num = #{orderNum}</if>
            <if test="orderTransactionAmount != null and orderTransactionAmount != ''">and order_transaction_amount =
                #{orderTransactionAmount}
            </if>
            <if test="orderProportion != null and orderProportion != ''">and order_proportion = #{orderProportion}</if>
        </where>
        <choose>
            <when test="orderField != null and orderField != ''">
                order by ${orderField}
            </when>
            <otherwise>
                order by create_time desc
            </otherwise>
        </choose>
    </select>


    <select id="selectOrderAmountById" parameterType="Long" resultMap="OrderAmountResult">
        <include refid="selectOrderAmountVo"/>
        where order_quantity_id = #{orderQuantityId}
    </select>

    <insert id="insertOrderAmount" parameterType="OrderAmount">
        insert into order_amount (
							order_quantity_id, 
							order_day, 
							order_num, 
							order_transaction_amount, 
							order_proportion        )values(
			#{orderQuantityId}, 
			#{orderDay}, 
			#{orderNum}, 
			#{orderTransactionAmount}, 
			#{orderProportion}		)
    </insert>

    <update id="updateOrderAmount" parameterType="OrderAmount">
        update order_amount
        <set>
            <if test="orderDay != null and orderDay != ''">order_day = #{orderDay},</if>
            <if test="orderNum != null and orderNum != ''">order_num = #{orderNum},</if>
            <if test="orderTransactionAmount != null and orderTransactionAmount != ''">order_transaction_amount =
                #{orderTransactionAmount},
            </if>
            <if test="orderProportion != null and orderProportion != ''">order_proportion = #{orderProportion}</if>
        </set>
        where order_quantity_id = #{orderQuantityId}
    </update>

    <delete id="deleteOrderAmountById" parameterType="Long">
        delete from order_amount where order_quantity_id = #{orderQuantityId}
    </delete>

    <delete id="deleteOrderAmountByIds" parameterType="String">
        delete from order_amount where order_quantity_id in
        <foreach item="orderQuantityId" collection="array" open="(" separator="," close=")">
            #{orderQuantityId}
        </foreach>
    </delete>

</mapper>