<?xml version="1.0" encoding="UTF-8" ?>
<!DOCTYPE mapper
        PUBLIC "-//mybatis.org//DTD Mapper 3.0//EN"
        "http://mybatis.org/dtd/mybatis-3-mapper.dtd">
<mapper namespace="com.fmall.project.system.order.mapper.OrderPayMapper">

    <resultMap type="OrderPay" id="OrderPayResult">
        <result property="orderId" column="order_id"/>
        <result property="code" column="code"/>
        <result property="price" column="price"/>
        <result property="type" column="type"/>
        <result property="status" column="status"/>
        <result property="deviceIp" column="device_ip"/>
        <result property="payTime" column="pay_time"/>
        <result property="remark" column="remark"/>
        <result property="deleted" column="deleted"/>
        <result property="createBy" column="create_by"/>
        <result property="createTime" column="create_time"/>
        <result property="updateBy" column="update_by"/>
        <result property="updateTime" column="update_time"/>
    </resultMap>

    <sql id="selectOrderPayVo">
        select order_id, code, price, type, status, device_ip, pay_time, remark, deleted, create_by, create_time, update_by, update_time from order_pay
    </sql>

    <select id="selectOrderPayList" parameterType="OrderPay" resultMap="OrderPayResult">
        <include refid="selectOrderPayVo"/>
        <where>
            <if test="orderId != null ">and order_id = #{orderId}</if>
            <if test="code != null and code != ''">and code = #{code}</if>
            <if test="price != null and price != ''">and price = #{price}</if>
            <if test="type != null ">and type = #{type}</if>
            <if test="status != null ">and status = #{status}</if>
            <if test="deviceIp != null and deviceIp != ''">and device_ip = #{deviceIp}</if>
            <if test="payTime != null ">and pay_time = #{payTime}</if>
            <if test="remark != null and remark != ''">and remark = #{remark}</if>
            <if test="deleted != null ">and deleted = #{deleted}</if>
            <if test="createBy != null and createBy != ''">and create_by = #{createBy}</if>
            <if test="createTime != null ">and create_time = #{createTime}</if>
            <if test="updateBy != null and updateBy != ''">and update_by = #{updateBy}</if>
            <if test="updateTime != null ">and update_time = #{updateTime}</if>
        </where>
        <choose>
            <when test="orderField != null and orderField != ''">
                order by ${orderField}
            </when>
            <otherwise>
                order by create_time desc
            </otherwise>
        </choose>
    </select>


    <select id="queryPageOrderPayList" parameterType="OrderPay" resultMap="OrderPayResult">
        <include refid="selectOrderPayVo"/>
        <where>
            <if test="orderId != null ">and order_id = #{orderId}</if>
            <if test="code != null and code != ''">and code = #{code}</if>
            <if test="price != null ">and price = #{price}</if>
            <if test="type != null ">and type = #{type}</if>
            <if test="status != null ">and status = #{status}</if>
            <if test="deviceIp != null and deviceIp != ''">and device_ip = #{deviceIp}</if>
            <if test="payTime != null ">and pay_time = #{payTime}</if>
            <if test="remark != null and remark != ''">and remark = #{remark}</if>
            <if test="deleted != null ">and deleted = #{deleted}</if>
            <if test="createBy != null and createBy != ''">
                and create_by like CONCAT('%',#{createBy},'%')
            </if><if test="updateBy != null and updateBy != ''">
                and update_by like CONCAT('%',#{updateBy},'%')
            </if>
            <if test="updateTime != null ">and update_time = #{updateTime}</if>
            <if test="startCreateTime != null and startCreateTime != '' ">
                and create_time <![CDATA[>=]]> #{createTime}
            </if>
            <if test="endCreateTime != null and endCreateTime != ''">
                and create_time <![CDATA[>=]]> #{createTime}
            </if>
        </where>
        <choose>
            <when test="orderField != null and orderField != ''">
                order by ${orderField}
            </when>
            <otherwise>
                order by create_time desc
            </otherwise>
        </choose>
    </select>


    <select id="selectOrderPayById" parameterType="Long" resultMap="OrderPayResult">
        <include refid="selectOrderPayVo"/>
        where order_id = #{orderId}
    </select>

    <insert id="insertOrderPay" parameterType="OrderPay">
        insert into order_pay (
							order_id, 
							code, 
							price, 
							type, 
							status, 
							device_ip, 
							pay_time, 
							remark, 
							deleted, 
							create_by, 
							create_time, 
							update_by, 
							update_time        )values(
			#{orderId}, 
			#{code}, 
			#{price}, 
			#{type}, 
			#{status}, 
			#{deviceIp}, 
			#{payTime}, 
			#{remark}, 
			0, 
			#{createBy}, 
			now(), 
			#{updateBy}, 
			#{updateTime}		)
    </insert>

    <update id="updateOrderPay" parameterType="OrderPay">
        update order_pay
        <set>
            <if test="code != null and code != ''">code = #{code},</if>
            <if test="price != null and price != ''">price = #{price},</if>
            <if test="type != null ">type = #{type},</if>
            <if test="status != null ">status = #{status},</if>
            <if test="deviceIp != null and deviceIp != ''">device_ip = #{deviceIp},</if>
            <if test="payTime != null ">pay_time = #{payTime},</if>
            <if test="remark != null and remark != ''">remark = #{remark},</if>
            <if test="deleted != null ">deleted = #{deleted},</if>
            <if test="createBy != null and createBy != ''">create_by = #{createBy},</if>
            <if test="createTime != null ">create_time = #{createTime},</if>
            <if test="updateBy != null and updateBy != ''">update_by = #{updateBy},</if>
            <if test="updateTime != null ">update_time = #{updateTime}</if>
        </set>
        where order_id = #{orderId}
    </update>

    <delete id="deleteOrderPayById" parameterType="Long">
        delete from order_pay where order_id = #{orderId}
    </delete>

    <delete id="deleteOrderPayByIds" parameterType="String">
        delete from order_pay where order_id in
        <foreach item="orderId" collection="array" open="(" separator="," close=")">
            #{orderId}
        </foreach>
    </delete>

</mapper>