<?xml version="1.0" encoding="UTF-8" ?>
<!DOCTYPE mapper
        PUBLIC "-//mybatis.org//DTD Mapper 3.0//EN"
        "http://mybatis.org/dtd/mybatis-3-mapper.dtd">
<mapper namespace="com.fmall.project.system.order.mapper.OrderNumMapper">

    <resultMap type="OrderNum" id="OrderNumResult">
        <result property="staId" column="sta_id"/>
        <result property="staNum" column="sta_num"/>
        <result property="type" column="type"/>
        <result property="deleted" column="deleted"/>
        <result property="createBy" column="create_by"/>
        <result property="createTime" column="create_time"/>
        <result property="updateBy" column="update_by"/>
        <result property="updateTime" column="update_time"/>
    </resultMap>

    <sql id="selectOrderNumVo">
        select sta_id, sta_num, type, deleted, create_by, create_time, update_by, update_time from order_num
    </sql>

    <select id="selectOrderNumList" parameterType="OrderNum" resultMap="OrderNumResult">
        <include refid="selectOrderNumVo"/>
        <where>
            <if test="staId != null and staId != ''">and sta_id = #{staId}</if>
            <if test="staNum != null ">and sta_num = #{staNum}</if>
            <if test="type != null ">and type = #{type}</if>
            <if test="deleted != null">and deleted = #{deleted}</if>
            <if test="createBy != null and createBy != ''">and create_by = #{createBy}</if>
            <if test="createTime != null ">and create_time = #{createTime}</if>
            <if test="updateBy != null and updateBy != ''">and update_by = #{updateBy}</if>
            <if test="updateTime != null ">and update_time = #{updateTime}</if>
        </where>
        <choose>
            <when test="orderField != null and orderField != ''">
                order by ${orderField}
            </when>
            <otherwise>
                order by create_time desc
            </otherwise>
        </choose>
    </select>


    <select id="queryPageOrderNumList" parameterType="OrderNum" resultMap="OrderNumResult">
        <include refid="selectOrderNumVo"/>
        <where>
            <if test="staId != null and staId != ''">and sta_id = #{staId}</if>
            <if test="staNum != null ">and sta_num = #{staNum}</if>
            <if test="type != null ">and type = #{type}</if>
            <if test="deleted != null">and deleted = #{deleted}</if>
            <if test="createBy != null and createBy != ''">and create_by = #{createBy}</if>
            <if test="createTime != null ">and create_time = #{createTime}</if>
            <if test="updateBy != null and updateBy != ''">and update_by = #{updateBy}</if>
            <if test="updateTime != null ">and update_time = #{updateTime}</if>
        </where>
        <choose>
            <when test="orderField != null and orderField != ''">
                order by ${orderField}
            </when>
            <otherwise>
                order by create_time desc
            </otherwise>
        </choose>
    </select>


    <select id="selectOrderNumById" parameterType="Long" resultMap="OrderNumResult">
        <include refid="selectOrderNumVo"/>
        where sta_id = #{staId}
    </select>

    <insert id="insertOrderNum" parameterType="OrderNum">
        insert into order_num (
							sta_id, 
							sta_num, 
							type, 
							deleted, 
							create_by, 
							create_time, 
							update_by, 
							update_time        )values(
			#{staId}, 
			#{staNum}, 
			#{type}, 
			0, 
			#{createBy}, 
			now(), 
			#{updateBy}, 
			#{updateTime}		)
    </insert>

    <update id="updateOrderNum" parameterType="OrderNum">
        update order_num
        <set>
            <if test="staNum != null ">sta_num = #{staNum},</if>
            <if test="type != null ">type = #{type},</if>
            <if test="deleted != null">deleted = #{deleted},</if>
            <if test="createBy != null and createBy != ''">create_by = #{createBy},</if>
            <if test="createTime != null ">create_time = #{createTime},</if>
            <if test="updateBy != null and updateBy != ''">update_by = #{updateBy},</if>
            <if test="updateTime != null ">update_time = #{updateTime}</if>
        </set>
        where sta_id = #{staId}
    </update>

    <delete id="deleteOrderNumById" parameterType="Long">
        delete from order_num where sta_id = #{staId}
    </delete>

    <delete id="deleteOrderNumByIds" parameterType="String">
        delete from order_num where sta_id in
        <foreach item="staId" collection="array" open="(" separator="," close=")">
            #{staId}
        </foreach>
    </delete>

</mapper>