<?xml version="1.0" encoding="UTF-8" ?>
<!DOCTYPE mapper
        PUBLIC "-//mybatis.org//DTD Mapper 3.0//EN"
        "http://mybatis.org/dtd/mybatis-3-mapper.dtd">
<mapper namespace="com.fmall.project.system.partner.mapper.PartnerNumCountMapper">

    <resultMap type="PartnerNumCount" id="PartnerNumCountResult">
        <result property="id" column="id"/>
        <result property="partnerId" column="partner_id"/>
        <result property="userType" column="user_type"/>
        <result property="currentDay" column="current_day"/>
        <result property="userId" column="user_id"/>
        <result property="regionalManagerNum" column="regional_manager_num"/>
        <result property="branchCompanyNum" column="branch_company_num"/>
        <result property="majordomoNum" column="majordomo_num"/>
        <result property="regimentalNum" column="regimental_num"/>
        <result property="deleted" column="deleted"/>
        <result property="createBy" column="create_by"/>
        <result property="createTime" column="create_time"/>
        <result property="updateBy" column="update_by"/>
        <result property="updateTime" column="update_time"/>
    </resultMap>

    <sql id="selectPartnerNumCountVo">
        select id, partner_id, user_type, current_day, user_id, regional_manager_num, branch_company_num, majordomo_num, regimental_num, deleted, create_by, create_time, update_by, update_time from partner_num_count
    </sql>

    <select id="selectPartnerNumCountList" parameterType="PartnerNumCount" resultMap="PartnerNumCountResult">
        <include refid="selectPartnerNumCountVo"/>
        <where>
            <if test="id != null ">and id = #{id}</if>
            <if test="partnerId != null ">and partner_id = #{partnerId}</if>
            <if test="userType != null ">and user_type = #{userType}</if>
            <if test="currentDay != null ">and current_day = #{currentDay}</if>
            <if test="userId != null ">and user_id = #{userId}</if>
            <if test="regionalManagerNum != null ">and regional_manager_num = #{regionalManagerNum}</if>
            <if test="branchCompanyNum != null ">and branch_company_num = #{branchCompanyNum}</if>
            <if test="majordomoNum != null ">and majordomo_num = #{majordomoNum}</if>
            <if test="regimentalNum != null ">and regimental_num = #{regimentalNum}</if>
            <if test="deleted != null ">and deleted = #{deleted}</if>
            <if test="createBy != null and createBy != ''">and create_by = #{createBy}</if>
            <if test="createTime != null ">and create_time = #{createTime}</if>
            <if test="updateBy != null and updateBy != ''">and update_by = #{updateBy}</if>
            <if test="updateTime != null">and update_time = #{updateTime}</if>
        </where>
        <choose>
            <when test="orderField != null and orderField != ''">
                order by ${orderField}
            </when>
            <otherwise>
                order by create_time desc
            </otherwise>
        </choose>
    </select>


    <select id="queryPagePartnerNumCountList" parameterType="PartnerNumCount" resultMap="PartnerNumCountResult">
        <include refid="selectPartnerNumCountVo"/>
        <where>
            <if test="id != null ">and id = #{id}</if>
            <if test="partnerId != null ">and partner_id = #{partnerId}</if>
            <if test="userType != null ">and user_type = #{userType}</if>
            <if test="currentDay != null ">and current_day = #{currentDay}</if>
            <if test="userId != null ">and user_id = #{userId}</if>
            <if test="regionalManagerNum != null ">and regional_manager_num = #{regionalManagerNum}</if>
            <if test="branchCompanyNum != null ">and branch_company_num = #{branchCompanyNum}</if>
            <if test="majordomoNum != null ">and majordomo_num = #{majordomoNum}</if>
            <if test="regimentalNum != null ">and regimental_num = #{regimentalNum}</if>
            <if test="deleted != null ">and deleted = #{deleted}</if>
            <if test="createBy != null and createBy != ''">and create_by = #{createBy}</if>
            <if test="createTime != null ">and create_time = #{createTime}</if>
            <if test="updateBy != null and updateBy != ''">and update_by = #{updateBy}</if>
            <if test="updateTime != null ">and update_time = #{updateTime}</if>
        </where>
        <choose>
            <when test="orderField != null and orderField != ''">
                order by ${orderField}
            </when>
            <otherwise>
                order by create_time desc
            </otherwise>
        </choose>
    </select>


    <select id="selectPartnerNumCountById" parameterType="Long" resultMap="PartnerNumCountResult">
        <include refid="selectPartnerNumCountVo"/>
        where id = #{id}
    </select>
    <select id="selectOneByPartnerAndDay" resultMap="PartnerNumCountResult">
        <include refid="selectPartnerNumCountVo"/>
        where partner_id = #{partnerId}
        and current_day = #{currentDay}
    </select>


    <insert id="insertPartnerNumCount" parameterType="PartnerNumCount">
        <selectKey resultType="Long" keyProperty="id">
            SELECT LAST_INSERT_ID()
        </selectKey>
        insert into partner_num_count (
							id, 
							partner_id, 
							user_type, 
							current_day, 
							user_id, 
							regional_manager_num, 
							branch_company_num, 
							majordomo_num, 
							regimental_num, 
							deleted, 
							create_by, 
							create_time, 
							update_by, 
							update_time        )values(
			#{id}, 
			#{partnerId}, 
			#{userType}, 
			#{currentDay}, 
			#{userId}, 
			#{regionalManagerNum}, 
			#{branchCompanyNum}, 
			#{majordomoNum}, 
			#{regimentalNum}, 
			#{deleted}, 
			#{createBy}, 
			#{createTime}, 
			#{updateBy}, 
			#{updateTime}		)
    </insert>

    <update id="updatePartnerNumCount" parameterType="PartnerNumCount">
        update partner_num_count
        <set>
            <if test="partnerId != null ">partner_id = #{partnerId},</if>
            <if test="userType != null ">user_type = #{userType},</if>
            <if test="currentDay != null ">current_day = #{currentDay},</if>
            <if test="userId != null ">user_id = #{userId},</if>
            <if test="regionalManagerNum != null ">regional_manager_num = #{regionalManagerNum},</if>
            <if test="branchCompanyNum != null ">branch_company_num = #{branchCompanyNum},</if>
            <if test="majordomoNum != null ">majordomo_num = #{majordomoNum},</if>
            <if test="regimentalNum != null ">regimental_num = #{regimentalNum},</if>
            <if test="deleted != null ">deleted = #{deleted},</if>
            <if test="createBy != null and createBy != ''">create_by = #{createBy},</if>
            <if test="createTime != null ">create_time = #{createTime},</if>
            <if test="updateBy != null and updateBy != ''">update_by = #{updateBy},</if>
            <if test="updateTime != null ">update_time = #{updateTime}</if>
        </set>
        where id = #{id}
    </update>

    <delete id="deletePartnerNumCountById" parameterType="Long">
        delete from partner_num_count where id = #{id}
    </delete>

    <delete id="deletePartnerNumCountByIds" parameterType="String">
        delete from partner_num_count where id in
        <foreach item="id" collection="array" open="(" separator="," close=")">
            #{id}
        </foreach>
    </delete>

</mapper>