<?xml version="1.0" encoding="UTF-8" ?>
<!DOCTYPE mapper
PUBLIC "-//mybatis.org//DTD Mapper 3.0//EN"
"http://mybatis.org/dtd/mybatis-3-mapper.dtd">
<mapper namespace="com.fmall.project.system.partner.mapper.PartnerTreeMapper">
    
    <resultMap type="PartnerTree" id="PartnerTreeResult">
        <result property="partnerId"    column="partner_id"    />
        <result property="parentId"    column="parent_id"    />
        <result property="partnerLable"    column="partnerLable"    />
        <result property="gradeName"    column="grade_name"    />
        <result property="orderNum"    column="order_num"    />
        <result property="partnerName"    column="partner_name"    />
        <result property="phone"    column="phone"    />
        <result property="status"    column="status"    />
        <result property="createBy"    column="create_by"    />
        <result property="createTime"    column="create_time"    />
        <result property="updateBy"    column="update_by"    />
        <result property="updateTime"    column="update_time"    />
    </resultMap>
	
	<sql id="selectPartnerTreeVo">
        select partner_id, parent_id, grade_name, order_num, partner_name, phone,partnerLable, status, create_by, create_time, update_by, update_time from partner_tree
    </sql>
	
    <select id="selectPartnerTreeList" parameterType="PartnerTree" resultMap="PartnerTreeResult">
        <include refid="selectPartnerTreeVo"/>
        <where>  
            <if test="partnerId != null "> and partner_id = #{partnerId}</if>
             <if test="parentId != null "> and parent_id = #{parentId}</if>
             <if test="gradeName != null and gradeName != ''"> and grade_name = #{gradeName}</if>
             <if test="orderNum != null "> and order_num = #{orderNum}</if>
             <if test="partnerName != null and partnerName != ''"> and partner_name = #{partnerName}</if>
             <if test="phone != null and phone != ''"> and phone = #{phone}</if>
             <if test="partnerLable != null "> and partnerLable = #{partnerLable}</if>
             <if test="status != null "> and status = #{status}</if>
             <if test="createBy != null and createBy != ''"> and create_by = #{createBy}</if>
             <if test="createTime != null "> and create_time = #{createTime}</if>
             <if test="updateBy != null and updateBy != ''"> and update_by = #{updateBy}</if>
             <if test="updateTime != null "> and update_time = #{updateTime}</if>
         </where>
        <choose>
            <when test="orderField != null and orderField != ''">
                order by ${orderField}
            </when>
            <otherwise>
                order by create_time desc
            </otherwise>
        </choose>
    </select>
    
    
     <select id="queryPagePartnerTreeList" parameterType="PartnerTree" resultMap="PartnerTreeResult">
        <include refid="selectPartnerTreeVo"/>
        <where>  
            <if test="partnerId != null "> and partner_id = #{partnerId}</if>
             <if test="parentId != null "> and parent_id = #{parentId}</if>
             <if test="gradeName != null and gradeName != ''"> and grade_name = #{gradeName}</if>
             <if test="orderNum != null "> and order_num = #{orderNum}</if>
             <if test="partnerName != null and partnerName != ''"> and partner_name = #{partnerName}</if>
             <if test="phone != null and phone != ''"> and phone = #{phone}</if>
             <if test="partnerLable != null  "> and partnerLable = #{partnerLable}</if>
             <if test="status != null "> and status = #{status}</if>
             <if test="createBy != null and createBy != ''"> and create_by = #{createBy}</if>
             <if test="createTime != null "> and create_time = #{createTime}</if>
             <if test="updateBy != null and updateBy != ''"> and update_by = #{updateBy}</if>
             <if test="updateTime != null "> and update_time = #{updateTime}</if>
         </where>
         <choose>
             <when test="orderField != null and orderField != ''">
                 order by ${orderField}
             </when>
             <otherwise>
                 order by create_time desc
             </otherwise>
         </choose>
    </select>
    
    
    <select id="selectPartnerTreeById" parameterType="Integer" resultMap="PartnerTreeResult">
    SELECT
        p.partner_id,
        p.parent_id,
        p.grade_name,
        p.partner_name,
        p.order_num,
        p.phone,
        p.partnerLable,
        ( SELECT partner_name FROM partner_tree WHERE partner_id = p.parent_id ) parent_name
    FROM
        partner_tree p
    WHERE
        p.partner_id = #{partnerId}
    </select>
    <select id="selectMenuAll" resultMap="PartnerTreeResult">
        <include refid="selectPartnerTreeVo"/>
    </select>

    <insert id="insertPartnerTree" parameterType="PartnerTree">
        insert into partner_tree (
							partner_id, 
							parent_id, 
							grade_name, 
							order_num, 
							partner_name, 
							phone, 
							partnerLable,
							status,
							create_by, 
							create_time, 
							update_by, 
							update_time        )values(
			#{partnerId}, 
			#{parentId}, 
			#{gradeName}, 
			#{orderNum}, 
			#{partnerName}, 
			#{phone}, 
			#{partnerLable},
			#{status},
			#{createBy}, 
			#{createTime}, 
			#{updateBy}, 
			#{updateTime}		)
    </insert>
	 
    <update id="updatePartnerTree" parameterType="PartnerTree">
        update partner_tree 
        <set>
            <if test="parentId != null ">parent_id = #{parentId}, </if>
            <if test="gradeName != null and gradeName != ''">grade_name = #{gradeName}, </if>
            <if test="orderNum != null  ">order_num = #{orderNum}, </if>
            <if test="partnerName != null and partnerName != ''">partner_name = #{partnerName}, </if>
            <if test="phone != null and phone != ''">phone = #{phone}, </if>
            <if test="partnerLable != null ">partnerLable = #{partnerLable}, </if>
            <if test="status != null ">status = #{status}, </if>
            <if test="createBy != null and createBy != ''">create_by = #{createBy}, </if>
            <if test="createTime != null ">create_time = #{createTime}, </if>
            <if test="updateBy != null and updateBy != ''">update_by = #{updateBy}, </if>
            <if test="updateTime != null ">update_time = #{updateTime}</if>
        </set>
        where partner_id = #{partnerId}
    </update>
	
	<delete id="deletePartnerTreeById" parameterType="Integer">
        delete from partner_tree where partner_id = #{partnerId}
    </delete>
	
    <delete id="deletePartnerTreeByIds" parameterType="String">
        delete from partner_tree where partner_id in 
        <foreach item="partnerId" collection="array" open="(" separator="," close=")">
            #{partnerId}
        </foreach>
    </delete>
    
</mapper>