<?xml version="1.0" encoding="UTF-8" ?>
<!DOCTYPE mapper
PUBLIC "-//mybatis.org//DTD Mapper 3.0//EN"
"http://mybatis.org/dtd/mybatis-3-mapper.dtd">
<mapper namespace="com.fmall.project.system.partner.mapper.PartnerCompleteSumMapper">
    
    <resultMap type="PartnerCompleteSum" id="PartnerCompleteSumResult">
        <result property="id"    column="id"    />
        <result property="partnerId"    column="partner_id"    />
        <result property="userType"    column="user_type"    />
        <result property="currentDay"    column="current_day"    />
        <result property="userId"    column="user_id"    />
        <result property="completeSum"    column="complete_sum"    />
        <result property="deleted"    column="deleted"    />
        <result property="createBy"    column="create_by"    />
        <result property="createTime"    column="create_time"    />
        <result property="updateBy"    column="update_by"    />
        <result property="updateTime"    column="update_time"    />
    </resultMap>
	
	<sql id="selectPartnerCompleteSumVo">
        select id, partner_id, user_type, current_day, user_id, complete_sum, deleted, create_by, create_time, update_by, update_time from partner_complete_sum
    </sql>
	
    <select id="selectPartnerCompleteSumList" parameterType="PartnerCompleteSum" resultMap="PartnerCompleteSumResult">
        <include refid="selectPartnerCompleteSumVo"/>
        <where>  
            <if test="id != null "> and id = #{id}</if>
             <if test="partnerId != null "> and partner_id = #{partnerId}</if>
             <if test="userType != null "> and user_type = #{userType}</if>
             <if test="currentDay != null "> and current_day = #{currentDay}</if>
             <if test="userId != null "> and user_id = #{userId}</if>
             <if test="completeSum != null "> and complete_sum = #{completeSum}</if>
             <if test="deleted != null "> and deleted = #{deleted}</if>
             <if test="createBy != null and createBy != ''"> and create_by = #{createBy}</if>
             <if test="createTime != null "> and create_time = #{createTime}</if>
             <if test="updateBy != null and updateBy != ''"> and update_by = #{updateBy}</if>
             <if test="updateTime != null"> and update_time = #{updateTime}</if>
         </where>
        <choose>
            <when test="orderField != null and orderField != ''">
                order by ${orderField}
            </when>
            <otherwise>
                order by create_time desc
            </otherwise>
        </choose>
    </select>
    
    
     <select id="queryPagePartnerCompleteSumList" parameterType="PartnerCompleteSum" resultMap="PartnerCompleteSumResult">
        <include refid="selectPartnerCompleteSumVo"/>
        <where>  
            <if test="id != null "> and id = #{id}</if>
             <if test="partnerId != null"> and partner_id = #{partnerId}</if>
             <if test="userType != null"> and user_type = #{userType}</if>
             <if test="currentDay != null "> and current_day = #{currentDay}</if>
             <if test="userId != null "> and user_id = #{userId}</if>
             <if test="completeSum != null "> and complete_sum = #{completeSum}</if>
             <if test="deleted != null "> and deleted = #{deleted}</if>
             <if test="createBy != null and createBy != ''"> and create_by = #{createBy}</if>
             <if test="createTime != null "> and create_time = #{createTime}</if>
             <if test="updateBy != null and updateBy != ''"> and update_by = #{updateBy}</if>
             <if test="updateTime != null "> and update_time = #{updateTime}</if>
         </where>
         <choose>
             <when test="orderField != null and orderField != ''">
                 order by ${orderField}
             </when>
             <otherwise>
                 order by create_time desc
             </otherwise>
         </choose>
    </select>
    
    
    <select id="selectPartnerCompleteSumById" parameterType="Long" resultMap="PartnerCompleteSumResult">
        <include refid="selectPartnerCompleteSumVo"/>
        where id = #{id}
    </select>
    <select id="sum" resultType="java.math.BigDecimal" parameterType="PartnerCompleteSum">>
select
    sum(complete_sum)
    from partner_complete_sum
    where partner_id = #{partnerId}
    and current_day <![CDATA[>=]]> #{startTime}
    and current_day <![CDATA[<=]]> #{endTime}
    </select>
    <!-- 根据partnerId和当日查询one -->
    <select id="selectOneByPartnerAndDay"
            resultType="com.fmall.project.system.partner.domain.PartnerCompleteSum">
        <include refid="selectPartnerCompleteSumVo"/>
        where partner_id = #{partnerId}
        and current_day = #{currentDay}
    </select>

    <insert id="insertPartnerCompleteSum" parameterType="PartnerCompleteSum">
        <selectKey resultType="Long" keyProperty="id">
            SELECT LAST_INSERT_ID()
        </selectKey>
        insert into partner_complete_sum (
							id, 
							partner_id, 
							user_type, 
							current_day, 
							user_id, 
							complete_sum, 
							deleted, 
							create_by, 
							create_time, 
							update_by, 
							update_time        )values(
			#{id}, 
			#{partnerId}, 
			#{userType}, 
			#{currentDay}, 
			#{userId}, 
			#{completeSum}, 
			#{deleted}, 
			#{createBy}, 
			#{createTime}, 
			#{updateBy}, 
			#{updateTime}		)
    </insert>
	 
    <update id="updatePartnerCompleteSum" parameterType="PartnerCompleteSum">
        update partner_complete_sum 
        <set>
            <if test="partnerId != null ">partner_id = #{partnerId}, </if>
            <if test="userType != null ">user_type = #{userType}, </if>
            <if test="currentDay != null ">current_day = #{currentDay}, </if>
            <if test="userId != null ">user_id = #{userId}, </if>
            <if test="completeSum != null ">complete_sum = #{completeSum}, </if>
            <if test="deleted != null ">deleted = #{deleted}, </if>
            <if test="createBy != null and createBy != ''">create_by = #{createBy}, </if>
            <if test="createTime != null ">create_time = #{createTime}, </if>
            <if test="updateBy != null and updateBy != ''">update_by = #{updateBy}, </if>
            <if test="updateTime != null ">update_time = #{updateTime}</if>
        </set>
        where id = #{id}
    </update>
	
	<delete id="deletePartnerCompleteSumById" parameterType="Long">
        delete from partner_complete_sum where id = #{id}
    </delete>
	
    <delete id="deletePartnerCompleteSumByIds" parameterType="String">
        delete from partner_complete_sum where id in 
        <foreach item="id" collection="array" open="(" separator="," close=")">
            #{id}
        </foreach>
    </delete>
    
</mapper>