<?xml version="1.0" encoding="UTF-8" ?>
<!DOCTYPE mapper
PUBLIC "-//mybatis.org//DTD Mapper 3.0//EN"
"http://mybatis.org/dtd/mybatis-3-mapper.dtd">
<mapper namespace="com.fmall.project.system.partner.mapper.PartnerWithdrawMapper">
    
    <resultMap type="PartnerWithdraw" id="PartnerWithdrawResult">
        <result property="id"    column="id"    />
        <result property="userId"    column="user_id"    />
        <result property="bankId"    column="bank_id"    />
        <result property="accountName"    column="account_name"    />
        <result property="account"    column="account"    />
        <result property="amount"    column="amount"    />
        <result property="status"    column="status"    />
        <result property="remark"    column="remark"    />
        <result property="applyTime"    column="apply_time"    />
        <result property="auditTime"    column="audit_time"    />
        <result property="auditMan"    column="audit_man"    />
        <result property="payeeNo"    column="payee_no"    />
        <result property="payeeRecord"    column="payee_record"    />
        <result property="deleted"    column="deleted"    />
        <result property="createBy"    column="create_by"    />
        <result property="updateBy"    column="update_by"    />
        <result property="createTime"    column="create_time"    />
        <result property="updateTime"    column="update_time"    />
    </resultMap>
	
	<sql id="selectPartnerWithdrawVo">
        select id, user_id, bank_id, account_name, account, amount, status, remark, apply_time, audit_time, audit_man, payee_no, payee_record, deleted, create_by, update_by, create_time, update_time from partner_withdraw
    </sql>
	
    <select id="selectPartnerWithdrawList" parameterType="PartnerWithdraw" resultMap="PartnerWithdrawResult">
        <include refid="selectPartnerWithdrawVo"/>
        <where>  
            <if test="id != null "> and id = #{id}</if>
             <if test="userId != null "> and user_id = #{userId}</if>
             <if test="bankId != null "> and bank_id = #{bankId}</if>
             <if test="accountName != null and accountName != ''"> and account_name = #{accountName}</if>
             <if test="account != null and account != ''"> and account = #{account}</if>
             <if test="amount != null"> and amount = #{amount}</if>
             <if test="status != null "> and status = #{status}</if>
             <if test="remark != null and remark != ''"> and remark = #{remark}</if>
             <if test="applyTime != null "> and apply_time = #{applyTime}</if>
             <if test="auditTime != null "> and audit_time = #{auditTime}</if>
             <if test="auditMan != null and auditMan != ''"> and audit_man = #{auditMan}</if>
             <if test="payeeNo != null and payeeNo != ''"> and payee_no = #{payeeNo}</if>
             <if test="payeeRecord != null and payeeRecord != ''"> and payee_record = #{payeeRecord}</if>
             <if test="deleted != null "> and deleted = #{deleted}</if>
             <if test="createBy != null and createBy != ''"> and create_by = #{createBy}</if>
             <if test="updateBy != null and updateBy != ''"> and update_by = #{updateBy}</if>
             <if test="createTime != null "> and create_time = #{createTime}</if>
             <if test="updateTime != null "> and update_time = #{updateTime}</if>
         </where>
        <choose>
            <when test="orderField != null and orderField != ''">
                order by ${orderField}
            </when>
            <otherwise>
                order by create_time desc
            </otherwise>
        </choose>
    </select>
    
    
     <select id="queryPagePartnerWithdrawList" parameterType="PartnerWithdraw" resultMap="PartnerWithdrawResult">
        <include refid="selectPartnerWithdrawVo"/>
        <where>  
            <if test="id != null "> and id = #{id}</if>
             <if test="userId != null"> and user_id = #{userId}</if>
             <if test="bankId != null "> and bank_id = #{bankId}</if>
             <if test="accountName != null and accountName != ''"> and account_name = #{accountName}</if>
             <if test="account != null and account != ''"> and account = #{account}</if>
             <if test="amount != null "> and amount = #{amount}</if>
             <if test="status != null "> and status = #{status}</if>
             <if test="remark != null and remark != ''"> and remark = #{remark}</if>
             <if test="applyTime != null "> and apply_time = #{applyTime}</if>
             <if test="auditTime != null "> and audit_time = #{auditTime}</if>
             <if test="auditMan != null and auditMan != ''"> and audit_man = #{auditMan}</if>
             <if test="payeeNo != null and payeeNo != ''"> and payee_no = #{payeeNo}</if>
             <if test="payeeRecord != null and payeeRecord != ''"> and payee_record = #{payeeRecord}</if>
             <if test="deleted != null "> and deleted = #{deleted}</if>
             <if test="createBy != null and createBy != ''"> and create_by = #{createBy}</if>
             <if test="updateBy != null and updateBy != ''"> and update_by = #{updateBy}</if>
             <if test="createTime != null "> and create_time = #{createTime}</if>
             <if test="updateTime != null"> and update_time = #{updateTime}</if>
         </where>
         <choose>
             <when test="orderField != null and orderField != ''">
                 order by ${orderField}
             </when>
             <otherwise>
                 order by create_time desc
             </otherwise>
         </choose>
    </select>
    
    
    <select id="selectPartnerWithdrawById" parameterType="Long" resultMap="PartnerWithdrawResult">
        <include refid="selectPartnerWithdrawVo"/>
        where id = #{id}
    </select>
    <select id="sumTotalMoney" resultType="java.math.BigDecimal">
        select IFNULL(sum(amount),0) from partner_withdraw
        <where>
            and deleted = 0
            and user_id = #{partnerId}
            and status = 2
        </where>
    </select>
    <select id="sumLockMoney" resultType="java.math.BigDecimal">
        select IFNULL(sum(amount),0) from partner_withdraw
        <where>
            and deleted = 0
            and user_id = #{partnerId}
            and status = 1
        </where>
    </select>

    <insert id="insertPartnerWithdraw" parameterType="PartnerWithdraw">
        <selectKey resultType="Long" keyProperty="id">
            SELECT LAST_INSERT_ID()
        </selectKey>
        insert into partner_withdraw (
							id, 
							user_id, 
							bank_id, 
							account_name, 
							account, 
							amount, 
							status, 
							remark, 
							apply_time, 
							audit_time, 
							audit_man, 
							payee_no, 
							payee_record, 
							deleted, 
							create_by, 
							update_by, 
							create_time, 
							update_time        )values(
			#{id}, 
			#{userId}, 
			#{bankId}, 
			#{accountName}, 
			#{account}, 
			#{amount}, 
			#{status}, 
			#{remark}, 
			#{applyTime}, 
			#{auditTime}, 
			#{auditMan}, 
			#{payeeNo}, 
			#{payeeRecord}, 
			#{deleted}, 
			#{createBy}, 
			#{updateBy}, 
			#{createTime}, 
			#{updateTime}		)
    </insert>
	 
    <update id="updatePartnerWithdraw" parameterType="PartnerWithdraw">
        update partner_withdraw 
        <set>
            <if test="userId != null ">user_id = #{userId}, </if>
            <if test="bankId != null ">bank_id = #{bankId}, </if>
            <if test="accountName != null and accountName != ''">account_name = #{accountName}, </if>
            <if test="account != null and account != ''">account = #{account}, </if>
            <if test="amount != null ">amount = #{amount}, </if>
            <if test="status != null ">status = #{status}, </if>
            <if test="remark != null and remark != ''">remark = #{remark}, </if>
            <if test="applyTime != null ">apply_time = #{applyTime}, </if>
            <if test="auditTime != null ">audit_time = #{auditTime}, </if>
            <if test="auditMan != null and auditMan != ''">audit_man = #{auditMan}, </if>
            <if test="payeeNo != null and payeeNo != ''">payee_no = #{payeeNo}, </if>
            <if test="payeeRecord != null and payeeRecord != ''">payee_record = #{payeeRecord}, </if>
            <if test="deleted != null ">deleted = #{deleted}, </if>
            <if test="createBy != null and createBy != ''">create_by = #{createBy}, </if>
            <if test="updateBy != null and updateBy != ''">update_by = #{updateBy}, </if>
            <if test="createTime != null ">create_time = #{createTime}, </if>
            <if test="updateTime != null ">update_time = #{updateTime}</if>
        </set>
        where id = #{id}
    </update>
	
	<delete id="deletePartnerWithdrawById" parameterType="Long">
        delete from partner_withdraw where id = #{id}
    </delete>
	
    <delete id="deletePartnerWithdrawByIds" parameterType="String">
        delete from partner_withdraw where id in 
        <foreach item="id" collection="array" open="(" separator="," close=")">
            #{id}
        </foreach>
    </delete>
    
</mapper>