<?xml version="1.0" encoding="UTF-8" ?>
<!DOCTYPE mapper
PUBLIC "-//mybatis.org//DTD Mapper 3.0//EN"
"http://mybatis.org/dtd/mybatis-3-mapper.dtd">
<mapper namespace="com.fmall.project.system.partner.mapper.PartnerAccountMapper">
    
    <resultMap type="PartnerAccount" id="PartnerAccountResult">
        <result property="partnerId"    column="partner_id"    />
        <result property="amount"    column="amount"    />
        <result property="totalIncome"    column="total_income"    />
        <result property="deleted"    column="deleted"    />
        <result property="createBy"    column="create_by"    />
        <result property="createTime"    column="create_time"    />
        <result property="updateBy"    column="update_by"    />
        <result property="updateTime"    column="update_time"    />
    </resultMap>
	
	<sql id="selectPartnerAccountVo">
        select partner_id, amount, total_income, deleted, create_by, create_time, update_by, update_time from partner_account
    </sql>
	
    <select id="selectPartnerAccountList" parameterType="PartnerAccount" resultMap="PartnerAccountResult">
        <include refid="selectPartnerAccountVo"/>
        <where>  
            <if test="partnerId != null "> and partner_id = #{partnerId}</if>
             <if test="amount != null "> and amount = #{amount}</if>
             <if test="totalIncome != null"> and total_income = #{totalIncome}</if>
             <if test="deleted != null "> and deleted = #{deleted}</if>
             <if test="createBy != null and createBy != ''"> and create_by = #{createBy}</if>
             <if test="createTime != null "> and create_time = #{createTime}</if>
             <if test="updateBy != null and updateBy != ''"> and update_by = #{updateBy}</if>
             <if test="updateTime != null "> and update_time = #{updateTime}</if>
         </where>
        <choose>
            <when test="orderField != null and orderField != ''">
                order by ${orderField}
            </when>
            <otherwise>
                order by create_time desc
            </otherwise>
        </choose>
    </select>
    
    
     <select id="queryPagePartnerAccountList" parameterType="PartnerAccount" resultMap="PartnerAccountResult">
        <include refid="selectPartnerAccountVo"/>
        <where>  
            <if test="partnerId != null "> and partner_id = #{partnerId}</if>
             <if test="amount != null "> and amount = #{amount}</if>
             <if test="totalIncome != null "> and total_income = #{totalIncome}</if>
             <if test="deleted != null "> and deleted = #{deleted}</if>
             <if test="createBy != null and createBy != ''"> and create_by = #{createBy}</if>
             <if test="createTime != null "> and create_time = #{createTime}</if>
             <if test="updateBy != null and updateBy != ''"> and update_by = #{updateBy}</if>
             <if test="updateTime != null "> and update_time = #{updateTime}</if>
         </where>
         <choose>
             <when test="orderField != null and orderField != ''">
                 order by ${orderField}
             </when>
             <otherwise>
                 order by create_time desc
             </otherwise>
         </choose>
    </select>
    
    
    <select id="selectPartnerAccountById" parameterType="Long" resultMap="PartnerAccountResult">
        <include refid="selectPartnerAccountVo"/>
        where partner_id = #{partnerId}
    </select>
        
    <insert id="insertPartnerAccount" parameterType="PartnerAccount">
        insert into partner_account (
							partner_id, 
							amount, 
							total_income, 
							deleted, 
							create_by, 
							create_time, 
							update_by, 
							update_time        )values(
			#{partnerId}, 
			#{amount}, 
			#{totalIncome}, 
			#{deleted}, 
			#{createBy}, 
			#{createTime}, 
			#{updateBy}, 
			#{updateTime}		)
    </insert>
	 
    <update id="updatePartnerAccount" parameterType="PartnerAccount">
        update partner_account 
        <set>
            <if test="amount != null ">amount = #{amount}, </if>
            <if test="totalIncome != null ">total_income = #{totalIncome}, </if>
            <if test="deleted != null ">deleted = #{deleted}, </if>
            <if test="createBy != null and createBy != ''">create_by = #{createBy}, </if>
            <if test="createTime != null ">create_time = #{createTime}, </if>
            <if test="updateBy != null and updateBy != ''">update_by = #{updateBy}, </if>
            <if test="updateTime != null ">update_time = #{updateTime}</if>
        </set>
        where partner_id = #{partnerId}
    </update>
	
	<delete id="deletePartnerAccountById" parameterType="Long">
        delete from partner_account where partner_id = #{partnerId}
    </delete>
	
    <delete id="deletePartnerAccountByIds" parameterType="String">
        delete from partner_account where partner_id in 
        <foreach item="partnerId" collection="array" open="(" separator="," close=")">
            #{partnerId}
        </foreach>
    </delete>
    
</mapper>