<?xml version="1.0" encoding="UTF-8" ?>
<!DOCTYPE mapper
PUBLIC "-//mybatis.org//DTD Mapper 3.0//EN"
"http://mybatis.org/dtd/mybatis-3-mapper.dtd">
<mapper namespace="com.fmall.project.system.partner.mapper.PartnerAccountDetailMapper">
    
    <resultMap type="PartnerAccountDetail" id="PartnerAccountDetailResult">
        <result property="id"    column="id"    />
        <result property="partnerId"    column="partner_id"    />
        <result property="type"    column="type"    />
        <result property="tradeType"    column="trade_type"    />
        <result property="tradeNo"    column="trade_no"    />
        <result property="money"    column="money"    />
        <result property="deleted"    column="deleted"    />
        <result property="createBy"    column="create_by"    />
        <result property="createTime"    column="create_time"    />
        <result property="updateBy"    column="update_by"    />
        <result property="updateTime"    column="update_time"    />
    </resultMap>
	
	<sql id="selectPartnerAccountDetailVo">
        select id, partner_id, type, trade_type, trade_no, money, deleted, create_by, create_time, update_by, update_time from partner_account_detail
    </sql>
	
    <select id="selectPartnerAccountDetailList" parameterType="PartnerAccountDetail" resultMap="PartnerAccountDetailResult">
        <include refid="selectPartnerAccountDetailVo"/>
        <where>  
            <if test="id != null "> and id = #{id}</if>
             <if test="partnerId != null "> and partner_id = #{partnerId}</if>
             <if test="type != null "> and type = #{type}</if>
             <if test="tradeType != null "> and trade_type = #{tradeType}</if>
             <if test="tradeNo != null and tradeNo != ''"> and trade_no = #{tradeNo}</if>
             <if test="money != null "> and money = #{money}</if>
             <if test="deleted != null "> and deleted = #{deleted}</if>
             <if test="createBy != null and createBy != ''"> and create_by = #{createBy}</if>
            <if test="startTime !=null and startTime !='' ">
                <![CDATA[ and create_time  >=  #{startTime}  ]]>
            </if>
            <if test="endTime !=null and endTime!='' ">
                <![CDATA[ and create_time <=  #{endTime}  ]]>
            </if>
             <if test="updateBy != null and updateBy != ''"> and update_by = #{updateBy}</if>
             <if test="updateTime != null "> and update_time = #{updateTime}</if>
         </where>
        <choose>
            <when test="orderField != null and orderField != ''">
                order by ${orderField}
            </when>
            <otherwise>
                order by create_time desc
            </otherwise>
        </choose>
    </select>
    
    
     <select id="queryPagePartnerAccountDetailList" parameterType="PartnerAccountDetail" resultMap="PartnerAccountDetailResult">
        <include refid="selectPartnerAccountDetailVo"/>
        <where>  
            <if test="id != null "> and id = #{id}</if>
             <if test="partnerId != null "> and partner_id = #{partnerId}</if>
             <if test="type != null "> and type = #{type}</if>
             <if test="tradeType != null "> and trade_type = #{tradeType}</if>
             <if test="tradeNo != null and tradeNo != ''"> and trade_no = #{tradeNo}</if>
             <if test="money != null "> and money = #{money}</if>
             <if test="deleted != null "> and deleted = #{deleted}</if>
             <if test="createBy != null and createBy != ''"> and create_by = #{createBy}</if>
             <if test="updateBy != null and updateBy != ''"> and update_by = #{updateBy}</if>
             <if test="updateTime != null "> and update_time = #{updateTime}</if>
            <if test="startTime !=null and startTime !='' ">
                <![CDATA[ and create_time  >=  #{startTime}  ]]>
            </if>
            <if test="endTime !=null and endTime!='' ">
                <![CDATA[ and create_time <=  #{endTime}  ]]>
            </if>
         </where>
         <choose>
             <when test="orderField != null and orderField != ''">
                 order by ${orderField}
             </when>
             <otherwise>
                 order by create_time desc
             </otherwise>
         </choose>
    </select>
    
    
    <select id="selectPartnerAccountDetailById" parameterType="Long" resultMap="PartnerAccountDetailResult">
        <include refid="selectPartnerAccountDetailVo"/>
        where id = #{id}
    </select>
    <!--交割总收益-->
    <select id="selectCompleteTotalIncome" resultType="java.math.BigDecimal">
select sum(money) from partner_account_detail
    where deleted = 0
    and partner_id = #{partnerId}
    and trade_type = 2
    and type = 1
    </select>

    <select id="staticsPartnerAmount" resultType="java.math.BigDecimal">
         SELECT IFNULL(sum(money), 0.0) from partner_account_detail
    WHERE deleted =0
    AND trade_type IN (1,3)
    AND create_time <![CDATA[>]]> #{startDay}
    AND create_time <![CDATA[<=]]> #{endDay}
    </select>

    <!--查询时间段总收益-->
    <select id="selectTodayIncome" resultType="java.math.BigDecimal">
        select sum(money) from partner_account_detail
        where deleted = 0
        and partner_id = #{partnerId}
        and trade_type in (1, 2)
        and type = 1
        <if test="startTime != null and endTime != null">
            and create_time <![CDATA[>=]]> #{startTime}
            and create_time <![CDATA[<=]]> #{endTime}
        </if>
    </select>

    <insert id="insertPartnerAccountDetail" parameterType="PartnerAccountDetail">
        <selectKey resultType="Long" keyProperty="id">
            SELECT LAST_INSERT_ID()
        </selectKey>
        insert into partner_account_detail (
							id, 
							partner_id, 
							type, 
							trade_type, 
							trade_no, 
							money, 
							deleted, 
							create_by, 
							create_time, 
							update_by, 
							update_time        )values(
			#{id}, 
			#{partnerId}, 
			#{type}, 
			#{tradeType}, 
			#{tradeNo}, 
			#{money}, 
			#{deleted}, 
			#{createBy}, 
			#{createTime}, 
			#{updateBy}, 
			#{updateTime}		)
    </insert>
	 
    <update id="updatePartnerAccountDetail" parameterType="PartnerAccountDetail">
        update partner_account_detail 
        <set>
            <if test="partnerId != null ">partner_id = #{partnerId}, </if>
            <if test="type != null">type = #{type}, </if>
            <if test="tradeType != null ">trade_type = #{tradeType}, </if>
            <if test="tradeNo != null and tradeNo != ''">trade_no = #{tradeNo}, </if>
            <if test="money != null ">money = #{money}, </if>
            <if test="deleted != null ">deleted = #{deleted}, </if>
            <if test="createBy != null and createBy != ''">create_by = #{createBy}, </if>
            <if test="createTime != null ">create_time = #{createTime}, </if>
            <if test="updateBy != null and updateBy != ''">update_by = #{updateBy}, </if>
            <if test="updateTime != null ">update_time = #{updateTime}</if>
        </set>
        where id = #{id}
    </update>
	
	<delete id="deletePartnerAccountDetailById" parameterType="Long">
        delete from partner_account_detail where id = #{id}
    </delete>
	
    <delete id="deletePartnerAccountDetailByIds" parameterType="String">
        delete from partner_account_detail where id in 
        <foreach item="id" collection="array" open="(" separator="," close=")">
            #{id}
        </foreach>
    </delete>
    
</mapper>