<?xml version="1.0" encoding="UTF-8" ?>
<!DOCTYPE mapper
PUBLIC "-//mybatis.org//DTD Mapper 3.0//EN"
"http://mybatis.org/dtd/mybatis-3-mapper.dtd">
<mapper namespace="com.fmall.project.system.partner.mapper.PartnerAffiliationMapper">
    
    <resultMap type="PartnerAffiliation" id="PartnerAffiliationResult">
        <result property="partnerId"    column="partner_id"    />
        <result property="parentCompanyId"    column="parent_company_id"    />
        <result property="regionalManagerId"    column="regional_manager_id"    />
        <result property="branchCompanyId"    column="branch_company_id"    />
        <result property="majordomoId"    column="majordomo_id"    />
        <result property="regimentalId"    column="regimental_id"    />
        <result property="deleted"    column="deleted"    />
        <result property="createBy"    column="create_by"    />
        <result property="createTime"    column="create_time"    />
        <result property="updateBy"    column="update_by"    />
        <result property="updateTime"    column="update_time"    />
    </resultMap>
	
	<sql id="selectPartnerAffiliationVo">
        select partner_id, parent_company_id, regional_manager_id, branch_company_id, majordomo_id, regimental_id, deleted, create_by, create_time, update_by, update_time from partner_affiliation
    </sql>
	
    <select id="selectPartnerAffiliationList" parameterType="PartnerAffiliation" resultMap="PartnerAffiliationResult">
        <include refid="selectPartnerAffiliationVo"/>
        <where>  
            <if test="partnerId != null "> and partner_id = #{partnerId}</if>
             <if test="parentCompanyId != null "> and parent_company_id = #{parentCompanyId}</if>
             <if test="regionalManagerId != null "> and regional_manager_id = #{regionalManagerId}</if>
             <if test="branchCompanyId != null "> and branch_company_id = #{branchCompanyId}</if>
             <if test="majordomoId != null "> and majordomo_id = #{majordomoId}</if>
             <if test="regimentalId != null "> and regimental_id = #{regimentalId}</if>
             <if test="deleted != null "> and deleted = #{deleted}</if>
             <if test="createBy != null and createBy != ''"> and create_by = #{createBy}</if>
             <if test="createTime != null "> and create_time = #{createTime}</if>
             <if test="updateBy != null and updateBy != ''"> and update_by = #{updateBy}</if>
             <if test="updateTime != null "> and update_time = #{updateTime}</if>
         </where>
        <choose>
            <when test="orderField != null and orderField != ''">
                order by ${orderField}
            </when>
            <otherwise>
                order by create_time desc
            </otherwise>
        </choose>
    </select>
    
    
     <select id="queryPagePartnerAffiliationList" parameterType="PartnerAffiliation" resultMap="PartnerAffiliationResult">
        <include refid="selectPartnerAffiliationVo"/>
        <where>  
            <if test="partnerId != null "> and partner_id = #{partnerId}</if>
             <if test="parentCompanyId != null "> and parent_company_id = #{parentCompanyId}</if>
             <if test="regionalManagerId != null "> and regional_manager_id = #{regionalManagerId}</if>
             <if test="branchCompanyId != null "> and branch_company_id = #{branchCompanyId}</if>
             <if test="majordomoId != null "> and majordomo_id = #{majordomoId}</if>
             <if test="regimentalId != null "> and regimental_id = #{regimentalId}</if>
             <if test="deleted != null "> and deleted = #{deleted}</if>
             <if test="createBy != null and createBy != ''"> and create_by = #{createBy}</if>
             <if test="createTime != null "> and create_time = #{createTime}</if>
             <if test="updateBy != null and updateBy != ''"> and update_by = #{updateBy}</if>
             <if test="updateTime != null "> and update_time = #{updateTime}</if>
         </where>
         <choose>
             <when test="orderField != null and orderField != ''">
                 order by ${orderField}
             </when>
             <otherwise>
                 order by create_time desc
             </otherwise>
         </choose>
    </select>
    
    
    <select id="selectPartnerAffiliationById" parameterType="Long" resultMap="PartnerAffiliationResult">
        <include refid="selectPartnerAffiliationVo"/>
        where partner_id = #{partnerId}
    </select>
        
    <insert id="insertPartnerAffiliation" parameterType="PartnerAffiliation">
        insert into partner_affiliation (
							partner_id, 
							parent_company_id, 
							regional_manager_id, 
							branch_company_id, 
							majordomo_id, 
							regimental_id, 
							deleted, 
							create_by, 
							create_time, 
							update_by, 
							update_time        )values(
			#{partnerId}, 
			#{parentCompanyId}, 
			#{regionalManagerId}, 
			#{branchCompanyId}, 
			#{majordomoId}, 
			#{regimentalId}, 
			#{deleted}, 
			#{createBy}, 
			#{createTime}, 
			#{updateBy}, 
			#{updateTime}		)
    </insert>
	 
    <update id="updatePartnerAffiliation" parameterType="PartnerAffiliation">
        update partner_affiliation 
        <set>
            <if test="parentCompanyId != null ">parent_company_id = #{parentCompanyId}, </if>
            <if test="regionalManagerId != null ">regional_manager_id = #{regionalManagerId}, </if>
            <if test="branchCompanyId != null ">branch_company_id = #{branchCompanyId}, </if>
            <if test="majordomoId != null ">majordomo_id = #{majordomoId}, </if>
            <if test="regimentalId != null ">regimental_id = #{regimentalId}, </if>
            <if test="deleted != null ">deleted = #{deleted}, </if>
            <if test="createBy != null and createBy != ''">create_by = #{createBy}, </if>
            <if test="createTime != null ">create_time = #{createTime}, </if>
            <if test="updateBy != null and updateBy != ''">update_by = #{updateBy}, </if>
            <if test="updateTime != null ">update_time = #{updateTime}</if>
        </set>
        where partner_id = #{partnerId}
    </update>
	
	<delete id="deletePartnerAffiliationById" parameterType="Long">
        delete from partner_affiliation where partner_id = #{partnerId}
    </delete>
	
    <delete id="deletePartnerAffiliationByIds" parameterType="String">
        delete from partner_affiliation where partner_id in 
        <foreach item="partnerId" collection="array" open="(" separator="," close=")">
            #{partnerId}
        </foreach>
    </delete>
    
</mapper>