<?xml version="1.0" encoding="UTF-8" ?>
<!DOCTYPE mapper
PUBLIC "-//mybatis.org//DTD Mapper 3.0//EN"
"http://mybatis.org/dtd/mybatis-3-mapper.dtd">
<mapper namespace="com.fmall.project.system.partner.mapper.PartnerMapper">
    
    <resultMap type="Partner" id="PartnerResult">
        <result property="partnerId"    column="partner_id"    />
        <result property="phone"    column="phone"    />
        <result property="nick"    column="nick"    />
        <result property="password"    column="password"    />
        <result property="userType"    column="user_type"    />
        <result property="userName"    column="user_name"    />
        <result property="avatar"    column="avatar"    />
        <result property="addrCode"    column="addr_code"    />
        <result property="detailedAddress"    column="detailed_address"    />
        <result property="cUserId"    column="c_user_id"    />
        <result property="cPhone"    column="c_phone"    />
        <result property="cUserName"    column="c_user_name"    />
        <result property="openStatus"    column="open_status"    />
        <result property="deleted"    column="deleted"    />
        <result property="createBy"    column="create_by"    />
        <result property="createTime"    column="create_time"    />
        <result property="updateBy"    column="update_by"    />
        <result property="updateTime"    column="update_time"    />
    </resultMap>
	
	<sql id="selectPartnerVo">
        select partner_id, phone, nick, password, user_type, user_name, avatar, addr_code, detailed_address, c_user_id, c_phone, c_user_name, open_status, deleted, create_by, create_time, update_by, update_time from partner
    </sql>
	
    <select id="selectPartnerList" parameterType="Partner" resultMap="PartnerResult">
        <include refid="selectPartnerVo"/>
        <where>  
            <if test="partnerId != null "> and partner_id = #{partnerId}</if>
             <if test="phone != null and phone != ''"> and phone = #{phone}</if>
             <if test="nick != null and nick != ''"> and nick = #{nick}</if>
             <if test="password != null and password != ''"> and password = #{password}</if>
             <if test="userType != null "> and user_type = #{userType}</if>
             <if test="userName != null and userName != ''"> and user_name = #{userName}</if>
             <if test="avatar != null and avatar != ''"> and avatar = #{avatar}</if>
             <if test="addrCode != null "> and addr_code = #{addrCode}</if>
             <if test="detailedAddress != null and detailedAddress != ''"> and detailed_address = #{detailedAddress}</if>
             <if test="cUserId != null "> and c_user_id = #{cUserId}</if>
             <if test="cPhone != null and cPhone != ''"> and c_phone = #{cPhone}</if>
             <if test="cUserName != null and cUserName != ''"> and c_user_name = #{cUserName}</if>
             <if test="openStatus != null "> and open_status = #{openStatus}</if>
             <if test="deleted != null "> and deleted = #{deleted}</if>
             <if test="createBy != null and createBy != ''"> and create_by = #{createBy}</if>
             <if test="createTime != null "> and create_time = #{createTime}</if>
             <if test="updateBy != null and updateBy != ''"> and update_by = #{updateBy}</if>
             <if test="updateTime != null"> and update_time = #{updateTime}</if>
         </where>
        <choose>
            <when test="orderField != null and orderField != ''">
                order by ${orderField}
            </when>
            <otherwise>
                order by create_time desc
            </otherwise>
        </choose>
    </select>
    
    
     <select id="queryPagePartnerList" parameterType="Partner" resultMap="PartnerResult">
        <include refid="selectPartnerVo"/>
        <where>
            <if test="userNamePhone != null and userNamePhone != ''">
                and (user_name like CONCAT('%',#{userNamePhone},'%')
                or phone like CONCAT('%',#{userNamePhone},'%'))
            </if>
            <if test="partnerId != null "> and partner_id = #{partnerId}</if>
             <if test="phone != null and phone != ''"> and phone = #{phone}</if>
             <if test="nick != null and nick != ''"> and nick = #{nick}</if>
             <if test="password != null and password != ''"> and password = #{password}</if>
             <if test="userType != null "> and user_type = #{userType}</if>
             <if test="userName != null and userName != ''"> and user_name = #{userName}</if>
             <if test="avatar != null and avatar != ''"> and avatar = #{avatar}</if>
             <if test="addrCode != null"> and addr_code = #{addrCode}</if>
             <if test="detailedAddress != null and detailedAddress != ''"> and detailed_address = #{detailedAddress}</if>
             <if test="cUserId != null "> and c_user_id = #{cUserId}</if>
             <if test="cPhone != null and cPhone != ''"> and c_phone = #{cPhone}</if>
             <if test="cUserName != null and cUserName != ''"> and c_user_name = #{cUserName}</if>
             <if test="openStatus != null "> and open_status = #{openStatus}</if>
             <if test="deleted != null "> and deleted = #{deleted}</if>
             <if test="createBy != null and createBy != ''"> and create_by = #{createBy}</if>
            <if test="startTime != null and startTime != null">
                and par.create_time <![CDATA[>=]]> #{startTime}
            </if>
            <if test="endTime != null and endTime != null">
                and par.create_time <![CDATA[<=]]> #{endTime}
            </if>
             <if test="updateBy != null and updateBy != ''"> and update_by = #{updateBy}</if>
             <if test="updateTime != null "> and update_time = #{updateTime}</if>
            <if test="userType != null">
                <choose>
                    <when test="userType == 0">
                        and  user_type in (1,2,3,4)
                    </when>
                    <otherwise>
                        and  user_type = #{userType}
                    </otherwise>
                </choose>
            </if>
         </where>
         <choose>
             <when test="orderField != null and orderField != ''">
                 order by ${orderField}
             </when>
             <otherwise>
                 order by create_time desc
             </otherwise>
         </choose>
    </select>
    
    
    <select id="selectPartnerById" parameterType="Long" resultMap="PartnerResult">
        <include refid="selectPartnerVo"/>
        where partner_id = #{partnerId}
    </select>

    <select id="selectPartnerBycUserId" parameterType="Long" resultType="com.fmall.project.system.partner.domain.Partner">
        <include refid="selectPartnerVo"/>
        where c_user_id = #{cUserId}
    </select>
    <select id="selectPartnerByCPhone"  parameterType="String" resultType="com.fmall.project.system.partner.domain.Partner">
        <include refid="selectPartnerVo"/>
        where c_phone = #{phone}
    </select>
    <select id="selectPartnerByPhone" resultType="com.fmall.project.system.partner.domain.Partner">
        <include refid="selectPartnerVo"/>
        where phone = #{phone}
    </select>
    <select id="selectMenuById" resultType="com.fmall.project.system.partner.domain.Partner">


    </select>
    <insert id="insertPartner" parameterType="Partner">
        <selectKey resultType="Long" keyProperty="partnerId">
            SELECT LAST_INSERT_ID()
        </selectKey>
        insert into partner (
							partner_id, 
							phone, 
							nick, 
							password, 
							user_type, 
							user_name, 
							avatar, 
							addr_code, 
							detailed_address, 
							c_user_id, 
							c_phone, 
							c_user_name, 
							open_status, 
							deleted, 
							create_by, 
							create_time, 
							update_by, 
							update_time        )values(
			#{partnerId}, 
			#{phone}, 
			#{nick}, 
			#{password}, 
			#{userType}, 
			#{userName}, 
			#{avatar}, 
			#{addrCode}, 
			#{detailedAddress}, 
			#{cUserId}, 
			#{cPhone}, 
			#{cUserName}, 
			#{openStatus}, 
			#{deleted}, 
			#{createBy}, 
			#{createTime}, 
			#{updateBy}, 
			#{updateTime}		)
    </insert>
	 
    <update id="updatePartner" parameterType="Partner">
        update partner 
        <set>
            <if test="phone != null and phone != ''">phone = #{phone}, </if>
            <if test="nick != null and nick != ''">nick = #{nick}, </if>
            <if test="password != null and password != ''">password = #{password}, </if>
            <if test="userType != null ">user_type = #{userType}, </if>
            <if test="userName != null and userName != ''">user_name = #{userName}, </if>
            <if test="avatar != null and avatar != ''">avatar = #{avatar}, </if>
            <if test="addrCode != null and addrCode != ''">addr_code = #{addrCode}, </if>
            <if test="detailedAddress != null and detailedAddress != ''">detailed_address = #{detailedAddress}, </if>
            <if test="cUserId != null ">c_user_id = #{cUserId}, </if>
            <if test="cPhone != null and cPhone != ''">c_phone = #{cPhone}, </if>
            <if test="cUserName != null and cUserName != ''">c_user_name = #{cUserName}, </if>
            <if test="openStatus != null ">open_status = #{openStatus}, </if>
            <if test="deleted != null ">deleted = #{deleted}, </if>
            <if test="createBy != null and createBy != ''">create_by = #{createBy}, </if>
            <if test="createTime != null ">create_time = #{createTime}, </if>
            <if test="updateBy != null and updateBy != ''">update_by = #{updateBy}, </if>
            <if test="updateTime != null ">update_time = #{updateTime}</if>
        </set>
        where partner_id = #{partnerId}
    </update>
	
	<delete id="deletePartnerById" parameterType="Long">
        delete from partner where partner_id = #{partnerId}
    </delete>
	
    <delete id="deletePartnerByIds" parameterType="String">
        delete from partner where partner_id in 
        <foreach item="partnerId" collection="array" open="(" separator="," close=")">
            #{partnerId}
        </foreach>
    </delete>
    
</mapper>