<?xml version="1.0" encoding="UTF-8" ?>
<!DOCTYPE mapper
PUBLIC "-//mybatis.org//DTD Mapper 3.0//EN"
"http://mybatis.org/dtd/mybatis-3-mapper.dtd">
<mapper namespace="com.fmall.project.system.partner.mapper.PartnerAccountBankMapper">
    
    <resultMap type="PartnerAccountBank" id="PartnerAccountBankResult">
        <result property="id"    column="id"    />
        <result property="partnerId"    column="partner_id"    />
        <result property="type"    column="type"    />
        <result property="bankType"    column="bank_type"    />
        <result property="name"    column="name"    />
        <result property="account"    column="account"    />
        <result property="phone"    column="phone"    />
        <result property="deleted"    column="deleted"    />
        <result property="createBy"    column="create_by"    />
        <result property="createTime"    column="create_time"    />
        <result property="updateBy"    column="update_by"    />
        <result property="updateTime"    column="update_time"    />
    </resultMap>
	
	<sql id="selectPartnerAccountBankVo">
        select id, partner_id, type, bank_type, name, account, phone, deleted, create_by, create_time, update_by, update_time from partner_account_bank
    </sql>
	
    <select id="selectPartnerAccountBankList" parameterType="PartnerAccountBank" resultMap="PartnerAccountBankResult">
        <include refid="selectPartnerAccountBankVo"/>
        <where>  
            <if test="id != null and id != ''"> and id = #{id}</if>
             <if test="partnerId != null and partnerId != ''"> and partner_id = #{partnerId}</if>
             <if test="type != null and type != ''"> and type = #{type}</if>
             <if test="bankType != null "> and bank_type = #{bankType}</if>
             <if test="name != null and name != ''"> and name = #{name}</if>
             <if test="account != null and account != ''"> and account = #{account}</if>
             <if test="phone != null and phone != ''"> and phone = #{phone}</if>
             <if test="deleted != null "> and deleted = #{deleted}</if>
             <if test="createBy != null and createBy != ''"> and create_by = #{createBy}</if>
             <if test="createTime != null "> and create_time = #{createTime}</if>
             <if test="updateBy != null and updateBy != ''"> and update_by = #{updateBy}</if>
             <if test="updateTime != null "> and update_time = #{updateTime}</if>
         </where>
        <choose>
            <when test="orderField != null and orderField != ''">
                order by ${orderField}
            </when>
            <otherwise>
                order by create_time desc
            </otherwise>
        </choose>
    </select>
    
    
     <select id="queryPagePartnerAccountBankList" parameterType="PartnerAccountBank" resultMap="PartnerAccountBankResult">
        <include refid="selectPartnerAccountBankVo"/>
        <where>  
            <if test="id != null and id != ''"> and id = #{id}</if>
             <if test="partnerId != null "> and partner_id = #{partnerId}</if>
             <if test="type != null "> and type = #{type}</if>
             <if test="bankType != null "> and bank_type = #{bankType}</if>
             <if test="name != null and name != ''"> and name = #{name}</if>
             <if test="account != null and account != ''"> and account = #{account}</if>
             <if test="phone != null and phone != ''"> and phone = #{phone}</if>
             <if test="deleted != null "> and deleted = #{deleted}</if>
             <if test="createBy != null and createBy != ''"> and create_by = #{createBy}</if>
             <if test="createTime != null "> and create_time = #{createTime}</if>
             <if test="updateBy != null and updateBy != ''"> and update_by = #{updateBy}</if>
             <if test="updateTime != null "> and update_time = #{updateTime}</if>
         </where>
         <choose>
             <when test="orderField != null and orderField != ''">
                 order by ${orderField}
             </when>
             <otherwise>
                 order by create_time desc
             </otherwise>
         </choose>
    </select>

    <select id="listByPartnerId" resultMap="PartnerAccountBankResult">
        <include refid="selectPartnerAccountBankVo"/>
        where partner_id = #{partnerId}
        and deleted = 0
        order by create_time desc
    </select>

    <select id="selectPartnerAccountBankById" parameterType="Long" resultMap="PartnerAccountBankResult">
        <include refid="selectPartnerAccountBankVo"/>
        where id = #{id}
    </select>
        
    <insert id="insertPartnerAccountBank" parameterType="PartnerAccountBank">
        <selectKey resultType="Long" keyProperty="id">
            SELECT LAST_INSERT_ID()
        </selectKey>
        insert into partner_account_bank (
							id, 
							partner_id, 
							type, 
							bank_type, 
							name, 
							account, 
							phone, 
							deleted, 
							create_by, 
							create_time, 
							update_by, 
							update_time        )values(
			#{id}, 
			#{partnerId}, 
			#{type}, 
			#{bankType}, 
			#{name}, 
			#{account}, 
			#{phone}, 
			#{deleted}, 
			#{createBy}, 
			#{createTime}, 
			#{updateBy}, 
			#{updateTime}		)
    </insert>
	 
    <update id="updatePartnerAccountBank" parameterType="PartnerAccountBank">
        update partner_account_bank 
        <set>
            <if test="partnerId != null ">partner_id = #{partnerId}, </if>
            <if test="type != null ">type = #{type}, </if>
            <if test="bankType != null ">bank_type = #{bankType}, </if>
            <if test="name != null and name != ''">name = #{name}, </if>
            <if test="account != null and account != ''">account = #{account}, </if>
            <if test="phone != null and phone != ''">phone = #{phone}, </if>
            <if test="deleted != null ">deleted = #{deleted}, </if>
            <if test="createBy != null and createBy != ''">create_by = #{createBy}, </if>
            <if test="createTime != null ">create_time = #{createTime}, </if>
            <if test="updateBy != null and updateBy != ''">update_by = #{updateBy}, </if>
            <if test="updateTime != null ">update_time = #{updateTime}</if>
        </set>
        where id = #{id}
    </update>
	
	<delete id="deletePartnerAccountBankById" parameterType="Long">
        delete from partner_account_bank where id = #{id}
    </delete>
	
    <delete id="deletePartnerAccountBankByIds" parameterType="String">
        delete from partner_account_bank where id in 
        <foreach item="id" collection="array" open="(" separator="," close=")">
            #{id}
        </foreach>
    </delete>
    
</mapper>