<?xml version="1.0" encoding="UTF-8" ?>
<!DOCTYPE mapper
        PUBLIC "-//mybatis.org//DTD Mapper 3.0//EN"
        "http://mybatis.org/dtd/mybatis-3-mapper.dtd">
<mapper namespace="com.fmall.project.system.provincesCode.mapper.ProvincesCodeMapper">

    <resultMap type="ProvincesCode" id="ProvincesCodeResult">
        <result property="id" column="id"/>
        <result property="areaname" column="areaname"/>
        <result property="parentid" column="parentid"/>
        <result property="shortname" column="shortname"/>
        <result property="areacode" column="areacode"/>
        <result property="zipcode" column="zipcode"/>
        <result property="pinyin" column="pinyin"/>
        <result property="lng" column="lng"/>
        <result property="lat" column="lat"/>
        <result property="level" column="level"/>
        <result property="position" column="position"/>
        <result property="sort" column="sort"/>
        <result property="createBy" column="create_by"/>
        <result property="createTime" column="create_time"/>
        <result property="updateBy" column="update_by"/>
        <result property="updateTime" column="update_time"/>
        <result property="deleted" column="deleted"/>
    </resultMap>

    <sql id="selectProvincesCodeVo">
        select id, areaname, parentid, shortname, areacode, zipcode, pinyin, lng, lat, level, position, sort, create_by, create_time, update_by, update_time, deleted from provinces_code
    </sql>

    <select id="selectProvincesCodeList" parameterType="ProvincesCode" resultMap="ProvincesCodeResult">
        <include refid="selectProvincesCodeVo"/>
        <where>
            <if test="id != null ">and id = #{id}</if>
            <if test="areaname != null and areaname != ''">and areaname = #{areaname}</if>
            <if test="parentid != null ">and parentid = #{parentid}</if>
            <if test="shortname != null and shortname != ''">and shortname = #{shortname}</if>
            <if test="areacode != null ">and areacode = #{areacode}</if>
            <if test="zipcode != null ">and zipcode = #{zipcode}</if>
            <if test="pinyin != null and pinyin != ''">and pinyin = #{pinyin}</if>
            <if test="lng != null and lng != ''">and lng = #{lng}</if>
            <if test="lat != null and lat != ''">and lat = #{lat}</if>
            <if test="level != null">and level = #{level}</if>
            <if test="position != null and position != ''">and position = #{position}</if>
            <if test="sort != null ">and sort = #{sort}</if>
            <if test="createBy != null and createBy != ''">and create_by = #{createBy}</if>
            <if test="createTime != null ">and create_time = #{createTime}</if>
            <if test="updateBy != null and updateBy != ''">and update_by = #{updateBy}</if>
            <if test="updateTime != null ">and update_time = #{updateTime}</if>
            <if test="deleted != null ">and deleted = #{deleted}</if>
        </where>
        <if test="orderField != null and orderField != ''">
            order by ${orderField}
        </if>
    </select>


    <select id="queryPageProvincesCodeList" parameterType="ProvincesCode" resultMap="ProvincesCodeResult">
        <include refid="selectProvincesCodeVo"/>
        <where>
            <if test="id != null ">and id = #{id}</if>
            <if test="areaname != null and areaname != ''">and areaname = #{areaname}</if>
            <if test="parentid != null ">and parentid = #{parentid}</if>
            <if test="shortname != null and shortname != ''">and shortname = #{shortname}</if>
            <if test="areacode != null ">and areacode = #{areacode}</if>
            <if test="zipcode != null ">and zipcode = #{zipcode}</if>
            <if test="pinyin != null and pinyin != ''">and pinyin = #{pinyin}</if>
            <if test="lng != null and lng != ''">and lng = #{lng}</if>
            <if test="lat != null and lat != ''">and lat = #{lat}</if>
            <if test="level != null ">and level = #{level}</if>
            <if test="position != null and position != ''">and position = #{position}</if>
            <if test="sort != null ">and sort = #{sort}</if>
            <if test="createBy != null and createBy != ''">and create_by = #{createBy}</if>
            <if test="createTime != null ">and create_time = #{createTime}</if>
            <if test="updateBy != null and updateBy != ''">and update_by = #{updateBy}</if>
            <if test="updateTime != null ">and update_time = #{updateTime}</if>
            <if test="deleted != null ">and deleted = #{deleted}</if>
        </where>
        <if test="orderField != null and orderField != ''">
            order by ${orderField}
        </if>
    </select>


    <select id="selectProvincesCodeById" parameterType="Integer" resultMap="ProvincesCodeResult">
        <include refid="selectProvincesCodeVo"/>
        where id = #{id}
    </select>

    <insert id="insertProvincesCode" parameterType="ProvincesCode">
        insert into provinces_code (
							id, 
							areaname, 
							parentid, 
							shortname, 
							areacode, 
							zipcode, 
							pinyin, 
							lng, 
							lat, 
							level, 
							position, 
							sort, 
							create_by, 
							create_time, 
							update_by, 
							update_time, 
							deleted        )values(
			#{id}, 
			#{areaname}, 
			#{parentid}, 
			#{shortname}, 
			#{areacode}, 
			#{zipcode}, 
			#{pinyin}, 
			#{lng}, 
			#{lat}, 
			#{level}, 
			#{position}, 
			#{sort}, 
			#{createBy}, 
			#{createTime}, 
			#{updateBy}, 
			#{updateTime}, 
			#{deleted}		)
    </insert>

    <update id="updateProvincesCode" parameterType="ProvincesCode">
        update provinces_code
        <set>
            <if test="areaname != null and areaname != ''">areaname = #{areaname},</if>
            <if test="parentid != null ">parentid = #{parentid},</if>
            <if test="shortname != null and shortname != ''">shortname = #{shortname},</if>
            <if test="areacode != null">areacode = #{areacode},</if>
            <if test="zipcode != null ">zipcode = #{zipcode},</if>
            <if test="pinyin != null and pinyin != ''">pinyin = #{pinyin},</if>
            <if test="lng != null and lng != ''">lng = #{lng},</if>
            <if test="lat != null and lat != ''">lat = #{lat},</if>
            <if test="level != null ">level = #{level},</if>
            <if test="position != null and position != ''">position = #{position},</if>
            <if test="sort != null ">sort = #{sort},</if>
            <if test="createBy != null and createBy != ''">create_by = #{createBy},</if>
            <if test="createTime != null ">create_time = #{createTime},</if>
            <if test="updateBy != null and updateBy != ''">update_by = #{updateBy},</if>
            <if test="updateTime != null ">update_time = #{updateTime},</if>
            <if test="deleted != null ">deleted = #{deleted}</if>
        </set>
        where id = #{id}
    </update>

    <delete id="deleteProvincesCodeById" parameterType="Integer">
        delete from provinces_code where id = #{id}
    </delete>

    <delete id="deleteProvincesCodeByIds" parameterType="String">
        delete from provinces_code where id in
        <foreach item="id" collection="array" open="(" separator="," close=")">
            #{id}
        </foreach>
    </delete>

</mapper>